country,year,ea_3t8_ag25t99_rur_f
afg,2014,0.8538707215296139
afg,2015,1.553869962692261
afg,2017,1.248497287620221
afg,2020,2.548659268417206
afg,2021,2.220000028610229
afg,2022,2.875370025634766
ago,2011,0.3432747267168625
ago,2014,2.099999904632568
ago,2015,0.9130300283432008
ago,2019,1.496943113967552
ago,2021,1.622076563315132
alb,2001,15.0
alb,2008,14.35000038146973
alb,2011,19.44000053405762
alb,2012,27.78000068664551
alb,2017,21.8276195526123
are,2005,32.40999984741211
arg,2001,13.98999977111816
arm,2001,69.48999786376953
arm,2011,82.0199966430664
arm,2012,87.81865609044854
arm,2013,91.11818065470402
arm,2014,92.00908913686484
arm,2015,94.56999969482422
arm,2017,82.43000030517578
arm,2018,92.62169574953349
arm,2019,93.1453826706552
arm,2020,82.1500015258789
arm,2021,91.16519983390586
atg,2021,81.14179992675781
aus,2004,52.31999969482422
aus,2010,64.47000122070312
aus,2011,65.20999908447266
aus,2012,67.0999984741211
aus,2013,62.56999969482422
aus,2014,64.29000091552734
aus,2015,65.38999938964844
aus,2016,65.97000122070312
aus,2017,69.52999877929688
aus,2018,71.12999725341797
aus,2019,71.69000244140625
aus,2020,73.43000030517578
aus,2021,72.87000274658203
aus,2022,74.91999816894531
aus,2023,71.63476904145728
aut,2010,65.33678674498687
aut,2011,65.90499298833194
aut,2012,67.18602354394349
aut,2013,67.75112978970448
aut,2014,65.67114924409971
aut,2015,66.77129069265224
aut,2016,68.25936057081002
aut,2017,70.20999908447266
aut,2018,70.17130644052156
aut,2019,72.13999938964844
aut,2020,71.88436114628729
aut,2021,72.34603582720574
aut,2022,75.90280610234346
aut,2023,77.19690159329157
aze,1999,71.08000183105469
aze,2007,78.97000122070312
aze,2008,79.06999969482422
aze,2009,79.16999816894531
aze,2010,81.76000213623047
aze,2011,81.62000274658203
aze,2012,81.94000244140625
aze,2013,81.94999694824219
aze,2014,81.91000366210938
aze,2015,81.8499984741211
aze,2016,82.0
aze,2017,81.5999984741211
aze,2018,81.4800033569336
aze,2019,81.45999908447266
aze,2023,89.44999694824219
bdi,2008,4.159999847412109
bdi,2014,0.4300000071525574
bdi,2017,1.779999971389771
bdi,2020,4.188416862970466
bel,2009,58.86000061035156
bel,2010,59.90999984741211
bel,2011,60.18000030517578
bel,2012,62.13000106811523
bel,2013,60.93000030517578
bel,2014,63.90999984741211
bel,2015,62.13000106811523
bel,2016,64.66000366210938
bel,2017,67.94000244140625
bel,2018,72.83734287020354
bel,2019,72.41000366210938
bel,2020,72.91876400282266
bel,2021,75.13995239794244
bel,2022,73.611323567031
ben,2017,0.3330200016498566
ben,2018,5.51973121310595
ben,2019,1.023839950561523
ben,2021,0.7283700108528137
ben,2022,1.857517933242429
bfa,2007,0.1599999964237213
bfa,2014,0.3400000035762787
bfa,2018,0.1899999976158142
bfa,2019,1.330000042915344
bfa,2021,0.6577900052070618
bfa,2022,0.8042979535043379
bgd,1981,0.3799999952316284
bgd,2001,5.210000038146973
bgd,2011,10.97999954223633
bgd,2012,11.34000015258789
bgd,2013,12.13000011444092
bgd,2014,13.76000022888184
bgd,2015,14.22999954223633
bgd,2016,13.77000045776367
bgd,2017,14.89000034332275
bgd,2018,15.52000045776367
bgd,2019,16.30999946594238
bgd,2021,19.54000091552734
bgr,2001,28.31999969482422
bgr,2006,34.06999969482422
bgr,2007,37.09000015258789
bgr,2008,37.40999984741211
bgr,2009,38.11000061035156
bgr,2010,40.77000045776367
bgr,2011,41.54000091552734
bgr,2012,42.79000091552734
bgr,2013,43.13000106811523
bgr,2014,42.34000015258789
bgr,2015,44.34000015258789
bgr,2016,45.22000122070313
bgr,2017,47.84000015258789
bgr,2018,53.34886549700794
bgr,2019,52.60920576982173
bgr,2020,52.38999938964844
bgr,2021,57.10447946354866
bgr,2022,57.35127035338048
bih,2010,15.38000011444092
bih,2011,16.95000076293945
bih,2012,32.21296462189255
bih,2013,34.2186634540206
bih,2014,33.81000137329102
bih,2015,37.04000091552734
bih,2016,37.31999969482422
bih,2017,38.05072533366905
bih,2018,39.65999984741211
bih,2019,40.37993742614872
bih,2020,47.2599983215332
bih,2021,49.48091677803141
bih,2022,51.43999862670898
bih,2023,51.50977808632054
blr,2009,61.27000045776367
blr,2016,90.90495064163572
blr,2017,92.24103731730004
blr,2018,93.28654912099611
blr,2019,83.19999694824219
blr,2020,94.56984395808608
blr,2021,94.42438895512852
blr,2022,95.68392102024576
blr,2023,95.26676249120672
blz,2005,11.36999988555908
blz,2010,25.0
blz,2013,26.59401687305341
blz,2014,28.01564903193102
blz,2015,23.28199005126953
blz,2016,32.11126704329614
blz,2019,29.51941391118396
blz,2020,35.25
bol,1992,4.119999885559082
bol,2000,3.61
bol,2001,3.95
bol,2002,2.54
bol,2004,5.69
bol,2005,5.74
bol,2006,6.97
bol,2007,6.18
bol,2008,7.41
bol,2009,10.04
bol,2011,10.54
bol,2012,10.43
bol,2013,11.26
bol,2014,9.02
bol,2015,11.48
bol,2016,11.14
bol,2017,12.13
bol,2018,12.81
bol,2019,14.25
bol,2020,14.89
bol,2021,18.04
bol,2022,21.35074539664436
bol,2023,21.17392942653965
bra,2001,5.69
bra,2002,6.42
bra,2003,7.35
bra,2004,8.11
bra,2005,8.89
bra,2006,10.28
bra,2007,11.02
bra,2008,13.19
bra,2009,14.57
bra,2010,12.46000003814697
bra,2011,15.22
bra,2012,16.33
bra,2013,17.5
bra,2014,19.7
bra,2015,20.25
bra,2016,21.45
bra,2017,22.27
bra,2018,23.88
bra,2019,24.77
bra,2020,28.74
bra,2021,27.99
bra,2022,28.08
bra,2023,34.31102693002567
brn,2011,54.11999893188477
brn,2014,67.95546045527743
brn,2017,61.01683582111149
brn,2018,62.92970729535885
brn,2019,59.82781707414049
brn,2020,61.58504648033731
brn,2021,64.60694965554653
brn,2022,62.81317574262862
btn,2012,0.959999978542328
btn,2017,6.889999866485596
caf,2019,0.0551900006830692
can,1986,34.0
can,1991,40.20999908447266
can,2001,64.88999938964844
can,2006,74.12999725341797
can,2011,78.86000061035156
can,2016,81.61000061035156
can,2021,84.44000244140625
che,2009,72.63999938964844
che,2010,78.38999938964844
che,2011,78.69999694824219
che,2013,82.43683647152615
che,2014,77.05999755859375
che,2015,78.58000183105469
che,2016,77.56999969482422
che,2017,79.5648199398282
che,2018,80.01000213623047
che,2019,81.83000183105469
che,2020,82.30375612792453
che,2021,80.37697334117432
che,2022,81.09896646146578
che,2023,81.2056700990451
chl,2000,12.68
chl,2003,15.01
chl,2006,20.58
chl,2007,18.94000053405762
chl,2008,23.15999984741211
chl,2009,25.57
chl,2010,24.3700008392334
chl,2011,26.0
chl,2012,27.6190798137214
chl,2013,28.8
chl,2014,32.01901057084694
chl,2015,33.96
chl,2016,33.85070926902127
chl,2017,36.85
chl,2018,36.69716346326867
chl,2019,38.60800456787108
chl,2020,45.2
chl,2021,44.32764648365683
chl,2022,43.99
chl,2023,46.54175722429035
chn,2010,4.760000228881836
chn,2020,9.640000343322754
civ,2012,0.9483697655305828
civ,2013,1.070056565156065
civ,2014,1.360000014305115
civ,2016,0.7532802376396605
civ,2017,6.200412012705363
civ,2019,2.748498173030811
civ,2021,3.039999961853027
civ,2022,1.631639011043238
cmr,2010,3.039999961853027
cmr,2014,4.88145260941357
cmr,2018,1.417350053787231
cmr,2021,0.0
cod,2012,15.11148629563632
cod,2013,2.519999980926514
cod,2016,3.609999895095825
cod,2018,4.028409957885742
cod,2020,0.3239333093552228
cog,2015,1.898010015487671
cok,2006,38.77000045776367
cok,2023,70.00283568381991
col,2002,10.3
col,2003,11.13
col,2004,10.23
col,2005,10.77
col,2006,10.1899995803833
col,2007,10.4399995803833
col,2008,11.2
col,2009,11.64
col,2010,13.54
col,2011,13.87
col,2012,15.58
col,2013,17.2
col,2014,18.72
col,2015,19.45
col,2016,22.0
col,2017,23.4
col,2018,23.46
col,2019,26.11
col,2020,27.67
col,2021,29.06
col,2022,30.32
col,2023,31.0498134368693
com,2014,4.27964900612933
com,2021,11.25979232872431
com,2022,13.39980030059814
cpv,2015,7.670000076293945
cri,1973,2.869999885559082
cri,2002,14.56
cri,2003,15.0
cri,2004,15.02
cri,2005,16.3
cri,2006,17.14
cri,2007,17.02
cri,2008,18.99
cri,2009,18.97
cri,2010,18.21
cri,2011,19.43
cri,2012,20.26
cri,2013,21.6
cri,2014,21.78
cri,2015,21.12
cri,2016,21.45
cri,2017,23.04
cri,2018,23.27
cri,2019,24.24
cri,2020,26.38
cri,2021,26.78
cri,2022,27.26
cri,2023,27.81093975629319
cub,2012,38.20000076293945
cub,2019,41.31917953491211
cyp,2010,50.04000091552734
cyp,2011,53.45999908447266
cyp,2012,52.97000122070313
cyp,2013,55.45999908447266
cyp,2014,57.38999938964844
cyp,2015,57.7599983215332
cyp,2016,58.27999877929688
cyp,2017,56.21023457315309
cyp,2018,62.29000091552734
cyp,2019,60.2333582764469
cyp,2020,62.56000137329102
cyp,2021,64.15557021999194
cyp,2022,67.82931689064736
cze,2006,72.66999816894531
cze,2007,73.18000030517578
cze,2008,74.62999725341797
cze,2009,75.94999694824219
cze,2010,78.06999969482422
cze,2011,78.04000091552734
cze,2012,80.06999969482422
cze,2013,79.95999908447266
cze,2014,80.70999908447266
cze,2015,81.5
cze,2016,82.44000244140625
cze,2017,82.69999694824219
cze,2018,83.04249286520935
cze,2019,83.44999694824219
cze,2020,84.43314560997064
cze,2021,85.49155932788094
cze,2022,85.68010063823218
deu,2010,75.06472747481115
deu,2011,77.23162456832927
deu,2012,75.8808935349992
deu,2013,76.39553556026878
deu,2014,76.6103902639405
deu,2015,77.34422089230777
deu,2016,77.90993938266445
deu,2017,79.29665831460795
deu,2018,80.38735570519428
deu,2019,80.72588151492343
deu,2020,81.29456946562166
deu,2021,81.59205207226583
deu,2022,80.92167095918074
dji,2017,0.5084199905395508
dma,2021,48.56341934204102
dnk,2010,60.02916920201258
dnk,2011,60.66355073239572
dnk,2012,64.17871516446354
dnk,2013,65.43473346201714
dnk,2014,66.86715776296653
dnk,2015,67.23900135676256
dnk,2016,68.14329857675992
dnk,2017,69.03202298461059
dnk,2018,70.06707584722263
dnk,2019,70.93310150485196
dnk,2020,70.81348688152028
dnk,2021,72.98058781289257
dnk,2022,73.28675275314296
dom,2000,7.64
dom,2001,9.91
dom,2002,10.91
dom,2003,13.38
dom,2004,15.51
dom,2005,16.0
dom,2006,17.02
dom,2007,16.91
dom,2008,15.32
dom,2009,16.73
dom,2010,18.44
dom,2011,18.66
dom,2012,19.95
dom,2013,20.18
dom,2014,20.84
dom,2015,21.56
dom,2016,25.27
dom,2017,24.99
dom,2018,25.16
dom,2019,28.09
dom,2020,29.86
dom,2021,33.93
dom,2022,32.43
dom,2023,24.799572506783
dza,2006,11.01000022888184
dza,2008,10.76000022888184
dza,2011,7.619999885559082
dza,2019,15.17821025848389
ecu,1974,1.240000009536743
ecu,2001,10.34
ecu,2003,8.43
ecu,2005,8.25
ecu,2006,8.85
ecu,2007,9.69
ecu,2008,10.01
ecu,2009,10.02
ecu,2010,10.41
ecu,2011,11.88
ecu,2012,12.73
ecu,2013,14.84
ecu,2014,17.39
ecu,2015,18.59
ecu,2016,20.83
ecu,2017,19.96
ecu,2018,17.06
ecu,2019,17.69
ecu,2020,20.13
ecu,2021,21.15
ecu,2022,22.04
ecu,2023,22.02858722039365
egy,2006,20.88999938964844
egy,2010,25.91843082196203
egy,2011,27.09759822281208
egy,2012,28.52316298259377
egy,2013,28.83035454653435
egy,2014,29.20943818798201
egy,2015,31.92943787361003
egy,2016,32.38432898516797
egy,2017,75.19000244140625
egy,2018,35.18973431217626
egy,2019,44.5325519476165
egy,2020,39.0350452763864
egy,2021,38.8263590805692
egy,2022,41.03064114491353
esp,1970,1.389999985694885
esp,1981,3.819999933242798
esp,2004,26.10000038146973
esp,2005,26.86000061035156
esp,2006,28.23999977111816
esp,2007,29.1200008392334
esp,2008,30.34000015258789
esp,2009,31.57999992370605
esp,2010,33.0099983215332
esp,2011,34.52000045776367
esp,2012,36.04999923706055
esp,2013,34.9477300501248
esp,2014,37.22000122070313
esp,2015,36.70000076293945
esp,2016,38.06000137329102
esp,2017,39.74245821686403
esp,2018,40.02999877929688
esp,2019,40.09494281897658
esp,2020,43.38000106811523
esp,2021,43.66400222370094
esp,2022,45.22413817610914
est,1989,0.9900000095367432
est,2000,59.02999877929688
est,2007,79.45999908447266
est,2008,77.94000244140625
est,2009,79.81999969482422
est,2010,82.76000213623047
est,2011,84.06999969482422
est,2012,83.6500015258789
est,2013,85.4800033569336
est,2014,85.12000274658203
est,2015,84.44000244140625
est,2016,84.7699966430664
est,2017,85.0199966430664
est,2018,86.55000305175781
est,2019,86.43183183934744
est,2020,77.37999725341797
est,2021,83.14839513456192
est,2022,82.88953274580903
eth,2007,0.6299999952316284
eth,2011,0.7400000095367432
eth,2013,0.7954435844848848
eth,2016,0.5196899771690369
eth,2019,0.4475699961185455
eth,2021,2.761597622101941
fin,2006,60.83000183105469
fin,2007,60.04000091552734
fin,2008,61.09000015258789
fin,2009,62.25
fin,2010,63.33000183105469
fin,2011,64.48999786376953
fin,2012,65.41999816894531
fin,2013,66.52999877929688
fin,2014,67.55999755859375
fin,2015,68.4000015258789
fin,2016,72.91859636454365
fin,2017,70.69999694824219
fin,2018,76.67218091847356
fin,2019,72.87000274658203
fin,2020,76.61319043077015
fin,2021,77.38252159018121
fin,2022,80.15338023789774
fji,1996,14.64000034332275
fji,2007,29.02000045776367
fji,2011,52.95347759067268
fji,2016,41.31445058369525
fji,2017,38.02000045776367
fji,2021,18.31078911
fra,2004,47.70000076293945
fra,2005,49.47999954223633
fra,2007,52.83000183105469
fra,2008,55.18999862670898
fra,2009,55.54000091552734
fra,2010,56.04999923706055
fra,2011,58.08000183105469
fra,2012,59.34999847412109
fra,2013,61.70000076293945
fra,2014,63.72000122070313
fra,2015,65.94000244140625
fra,2016,66.52999877929688
fra,2017,67.26000213623047
fra,2018,61.17015980604103
fra,2019,69.7699966430664
fra,2020,62.8486013678861
fra,2021,74.13113516201058
fra,2022,74.86427434997763
fra,2023,75.47197900988172
gbr,2009,85.20999908447266
gbr,2010,87.5
gbr,2011,85.87000274658203
gbr,2012,88.9800033569336
gbr,2013,74.38999938964844
gbr,2014,76.12999725341797
gbr,2015,77.90728438599879
gbr,2016,78.62314328777579
gbr,2017,79.51000213623047
gbr,2018,78.31126642980774
gbr,2019,80.1377237118552
gbr,2020,82.38999938964844
gbr,2021,82.75
geo,2002,71.62999725341797
geo,2010,36.90723030113528
geo,2011,81.58429533663633
geo,2012,83.33000183105469
geo,2013,84.72559158964195
geo,2014,85.51000213623047
geo,2015,86.80732329642194
geo,2016,88.25
geo,2017,86.11000061035156
geo,2018,86.21473133090925
geo,2019,86.08000183105469
geo,2020,86.86684880126728
geo,2021,87.3333977272765
geo,2022,87.19999694824219
geo,2023,87.27183002994498
gha,2010,5.369999885559082
gha,2013,3.941980998640795
gha,2015,6.844399804844609
gha,2017,4.971759796142578
gha,2022,8.015569686889648
gin,1996,0.9300000071525574
gin,2014,0.3199999928474426
gin,2016,0.8316199779510498
gin,2018,0.4799999892711639
gmb,2012,1.30657004638221
gmb,2018,1.880689978599548
gmb,2020,3.527549982070923
gmb,2023,10.55720797983465
gnb,2018,1.967609432519432
gnb,2019,1.20079184036407
gnb,2022,1.692055744920921
grc,2006,15.23999977111816
grc,2007,22.20000076293945
grc,2008,22.61000061035156
grc,2010,25.19000053405762
grc,2011,27.05537764063846
grc,2012,28.64428088360552
grc,2013,29.85696178147199
grc,2014,29.81999969482422
grc,2015,31.70000076293945
grc,2016,29.18000030517578
grc,2017,34.09131457191146
grc,2018,34.21917061254519
grc,2019,36.82745763579513
grc,2020,38.61000061035156
grc,2021,40.81121114305144
grc,2022,42.57151909288363
gtm,2000,2.08
gtm,2002,1.929999947547913
gtm,2006,3.13
gtm,2010,2.729393099525432
gtm,2011,1.834182037437972
gtm,2012,5.869999885559082
gtm,2013,9.600000381469728
gtm,2014,5.4
gtm,2015,4.914000034332275
gtm,2016,6.007763543605087
gtm,2017,5.077651005868317
gtm,2018,4.711850857277105
gtm,2019,8.75
gtm,2021,7.865027398992091
gtm,2022,7.717589855194092
gtm,2023,6.099379482058116
guy,2018,27.84237652317532
guy,2019,32.42990875244141
hnd,1974,0.8299999833106995
hnd,2001,5.32
hnd,2004,3.8
hnd,2005,3.63
hnd,2007,3.839999914169312
hnd,2009,4.9
hnd,2010,5.41
hnd,2011,6.02
hnd,2012,6.68
hnd,2013,7.59
hnd,2014,8.78
hnd,2015,8.75
hnd,2016,10.36
hnd,2017,7.78429382328646
hnd,2018,8.21
hnd,2019,10.09
hnd,2021,5.299917830731308
hnd,2022,5.993145901043921
hnd,2023,7.063496311242883
hrv,2001,32.15000152587891
hrv,2010,39.73478458959691
hrv,2011,48.38999938964844
hrv,2012,49.35399495095724
hrv,2013,50.05137285726013
hrv,2014,52.1864111762141
hrv,2015,52.03268105890909
hrv,2016,52.77881777889164
hrv,2017,54.98117536898049
hrv,2018,55.32706488412777
hrv,2019,57.18811856457566
hrv,2020,59.27463993294487
hrv,2021,70.72920705395241
hrv,2022,65.15152982169033
hti,2003,0.5099999904632568
hti,2012,2.848707836665612
hti,2017,3.585690021514893
hun,1970,5.409999847412109
hun,2001,35.20000076293945
hun,2005,44.38000106811523
hun,2009,57.4900016784668
hun,2010,59.04000091552734
hun,2011,63.02999877929688
hun,2012,62.54999923706055
hun,2013,63.70000076293945
hun,2014,58.33000183105469
hun,2015,59.04000091552734
hun,2016,60.31999969482422
hun,2017,61.85290863286259
hun,2018,62.36305463874379
hun,2019,62.9169444723148
hun,2020,65.68000030517578
hun,2021,65.90137445006457
hun,2022,67.32295402277249
idn,1980,1.350000023841858
idn,2006,10.75
idn,2007,10.63000011444092
idn,2008,10.51000022888184
idn,2009,11.97000026702881
idn,2010,13.61782998966529
idn,2011,12.71000003814697
idn,2012,12.5870987867151
idn,2013,13.57599503194759
idn,2014,14.5600004196167
idn,2015,15.06999969482422
idn,2016,17.23999977111816
idn,2017,17.85733985900879
idn,2018,17.32999992370605
idn,2019,20.03913575293826
idn,2020,21.71999931335449
idn,2021,22.31674508377979
idn,2022,22.49173574083348
idn,2023,22.21573293742631
ind,2010,4.185832889311852
ind,2011,10.46000003814697
ind,2012,5.015889688234941
ind,2018,15.72000026702881
ind,2020,16.29999923706055
ind,2021,10.42690645709801
ind,2022,17.86000061035156
ind,2023,19.82999992370605
irl,2007,66.22000122070312
irl,2010,67.25641233596812
irl,2011,66.98999786376953
irl,2012,68.10036248407073
irl,2013,70.43821871285338
irl,2014,72.11394168941956
irl,2015,73.11749343049887
irl,2016,73.46658002065357
irl,2017,72.06999969482422
irl,2018,74.61394182067103
irl,2019,75.93191976293183
irl,2020,78.04417725279426
irl,2021,80.08561632641654
irl,2022,81.51569249756535
irn,2010,16.85000038146973
irn,2012,18.51000022888184
irn,2013,20.71999931335449
irn,2014,21.14999961853027
irn,2016,22.54000091552734
irq,2012,3.568408716648314
irq,2018,6.182660102844238
irq,2021,6.037410063216937
isl,2010,49.16764946751388
isl,2011,54.1200868364864
isl,2012,46.847748952176
isl,2013,52.97493204342053
isl,2014,55.10821965172924
isl,2015,56.14024641721295
isl,2016,58.73850539844499
isl,2017,61.51930415868468
isl,2018,61.01518808065931
isl,2019,63.40034039434597
isl,2020,60.90824433471712
isl,2021,67.26373842240562
isl,2022,66.23564593135431
isr,2010,82.98999786376953
isr,2011,83.62000274658203
isr,2012,84.19000244140625
isr,2013,85.19999694824219
isr,2014,85.19000244140625
isr,2015,86.01000213623047
ita,2010,37.05758065876135
ita,2011,37.77475683493718
ita,2012,40.44143453310173
ita,2013,41.30564396488928
ita,2014,41.88550811517693
ita,2015,42.5607969758662
ita,2016,42.95210189808948
ita,2017,43.94665044762034
ita,2018,44.73456435443316
ita,2019,45.62434436458609
ita,2020,45.2400016784668
ita,2021,53.82770402918828
ita,2022,47.12439056192107
jam,2010,45.79884189468707
jam,2012,51.35129450522324
jam,2013,51.3616492309765
jam,2014,52.72862664828312
jam,2016,55.99975077295944
jam,2017,56.80122992556183
jam,2018,58.08725175950968
jam,2019,60.43076345691013
jam,2020,59.75333341312999
jam,2021,60.16120262417437
jam,2022,53.80038833618164
jor,2008,27.6299991607666
jor,2010,28.02000045776367
jor,2017,37.56521987915039
jor,2018,36.68999862670898
jor,2020,45.36999893188477
jor,2023,42.36000061035156
kaz,1999,61.84000015258789
kaz,2007,93.72000122070312
kaz,2009,79.55999755859375
kaz,2015,61.31032180786133
kaz,2018,95.79000091552734
kaz,2019,92.91081237792967
ken,2009,13.60999965667725
ken,2019,16.04303932189941
ken,2020,16.73086929321289
ken,2021,26.72113443175076
ken,2022,21.26367950439453
kgz,1999,70.80000305175781
kgz,2009,85.0199966430664
kgz,2018,57.83198928833008
khm,2007,1.070000052452087
khm,2009,1.029999971389771
khm,2010,2.138082151493303
khm,2011,1.797758272263486
khm,2012,3.025079945532518
khm,2013,3.236561393248406
khm,2014,1.679999947547913
khm,2015,1.419999957084656
khm,2016,5.063041136163958
khm,2017,4.442063779870662
khm,2019,2.085900068283081
khm,2020,2.761979277620448
khm,2021,4.322740077972412
kir,2018,3.49153995513916
kir,2020,38.31733787783656
kor,2000,31.70999908447266
kor,2005,37.65999984741211
kor,2009,35.5
kor,2010,43.90999984741211
kor,2013,46.9276445179419
kor,2014,48.83488409457534
kor,2015,50.93999862670898
kor,2016,51.3993069299765
kor,2017,51.86071897956536
kor,2018,51.84735395757632
kor,2019,52.90905793921205
kor,2020,53.60284244352395
kor,2021,55.03811087634828
kor,2022,55.83221456321875
kor,2023,57.59013802779945
lao,2010,5.279437582599362
lao,2017,3.811579942703247
lao,2022,10.13003542153979
lbr,2010,3.143195826028335
lbr,2014,2.808906862328187
lbr,2016,2.097460031509399
lbr,2017,5.513625555250521
lbr,2019,3.651609897613525
lca,2010,29.82999992370605
lca,2013,29.42000007629395
lca,2019,36.47999954223633
lka,1971,8.180000305175781
lka,2001,53.95999908447266
lka,2010,28.90901037504292
lka,2011,28.86921823550774
lka,2013,30.08498982886558
lka,2014,30.9664891234135
lka,2015,32.23544830293982
lka,2016,62.43999862670898
lka,2017,62.08000183105469
lka,2018,62.79999923706055
lka,2019,61.06000137329102
lka,2020,64.58999633789062
lka,2021,62.13000106811523
lka,2022,63.59999847412109
lso,2008,7.400000095367432
lso,2018,10.10556030273438
lso,2019,1.446717623441995
ltu,2005,55.2599983215332
ltu,2006,57.93999862670898
ltu,2007,58.91999816894531
ltu,2008,61.54000091552734
ltu,2009,62.61000061035156
ltu,2010,63.56999969482422
ltu,2011,64.26000213623047
ltu,2012,65.8499984741211
ltu,2013,68.37000274658203
ltu,2014,69.72000122070312
ltu,2015,70.37000274658203
ltu,2016,74.83999633789062
ltu,2017,78.19999694824219
ltu,2018,79.58291303924237
ltu,2019,83.42170716888084
ltu,2020,81.94999694824219
ltu,2021,86.85987827622958
ltu,2022,88.81678029389397
lux,2010,62.27400151645568
lux,2011,64.3290477826454
lux,2012,67.64340731562567
lux,2014,71.0907808923658
lux,2015,67.41493125892177
lux,2016,67.82843491011607
lux,2017,67.32698488557361
lux,2018,68.36403033747892
lux,2019,69.50761794785093
lux,2020,71.5188532315498
lux,2021,73.89377817325425
lux,2022,74.60171873768724
lva,2005,69.04000091552734
lva,2006,67.63999938964844
lva,2007,71.58999633789062
lva,2008,74.33000183105469
lva,2009,76.77999877929688
lva,2010,80.19000244140625
lva,2011,78.70999908447266
lva,2012,80.5999984741211
lva,2013,81.83999633789062
lva,2014,83.5
lva,2015,83.16000366210938
lva,2016,83.81999969482422
lva,2017,86.31809778514867
lva,2018,87.22000122070312
lva,2019,87.20999908447266
lva,2020,89.32962191510116
lva,2021,84.78161773977331
lva,2022,85.34684232254853
lva,2023,65.66758813226805
mda,2007,58.08000183105469
mda,2008,59.56000137329102
mda,2009,60.79999923706055
mda,2010,60.02999877929688
mda,2011,59.40999984741211
mda,2012,59.43000030517578
mda,2013,59.61999893188477
mda,2014,61.20000076293945
mda,2015,61.83000183105469
mda,2016,60.16014952824288
mda,2017,61.0641397873303
mda,2018,62.70000076293945
mda,2019,62.15999984741211
mda,2020,62.77999877929688
mda,2021,63.40999984741211
mda,2022,64.43000030517578
mda,2023,64.35558363415589
mdg,2012,6.837840435147473
mdg,2015,10.02188969829298
mdg,2018,4.519999980926514
mdg,2021,3.705329895019531
mdv,2006,0.7200000286102295
mdv,2017,8.261329650878906
mex,2000,1.97
mex,2002,5.48
mex,2004,6.16
mex,2005,5.099999904632568
mex,2006,7.21
mex,2007,6.769999980926514
mex,2008,5.68
mex,2009,7.599999904632568
mex,2010,7.54
mex,2011,8.212275229989292
mex,2012,8.66
mex,2013,9.449999809265137
mex,2014,10.08
mex,2015,11.15999984741211
mex,2016,11.19
mex,2017,10.9399995803833
mex,2018,13.04
mex,2019,14.60251896853503
mex,2020,15.01
mex,2021,17.23728549181705
mex,2022,16.54
mex,2023,18.30414265240467
mhl,2011,52.68000030517578
mhl,2019,42.96873451045987
mkd,2018,31.66469955444336
mkd,2020,45.06000137329102
mli,2011,10.22000026702881
mli,2013,0.283309189680771
mli,2014,0.6004525293012041
mli,2015,0.931882534585546
mli,2016,1.009999990463257
mli,2017,0.8721265148475719
mli,2018,0.8399999737739563
mli,2019,1.240679979324341
mli,2020,0.5400000214576721
mli,2022,1.89328092887381
mlt,2000,12.60000038146973
mlt,2010,21.83385579937304
mlt,2011,22.07999992370605
mlt,2012,29.52000045776367
mlt,2013,29.6299991607666
mlt,2014,30.76000022888184
mlt,2015,31.76000022888184
mlt,2016,27.55999946594238
mlt,2017,44.69434207673964
mlt,2018,45.52999877929688
mlt,2019,53.27167310877967
mlt,2020,45.29999923706055
mlt,2021,45.41534271448025
mlt,2022,43.44874405974203
mmr,2015,3.314584264689023
mmr,2016,4.186130046844482
mmr,2017,8.087716175525555
mmr,2018,7.878157028191156
mmr,2019,12.31999969482422
mmr,2020,56.63400605764505
mne,2003,35.90000152587891
mne,2011,46.54999923706055
mne,2018,42.94171905517578
mne,2020,63.55928063908054
mng,2010,45.61999893188477
mng,2011,44.58910088278252
mng,2012,50.55196985686943
mng,2013,52.97100571067305
mng,2014,57.14187267332714
mng,2015,56.65047385970461
mng,2016,57.29947425846458
mng,2017,59.62192723107192
mng,2018,25.32765960693359
mng,2019,55.99901041696612
mng,2020,30.20000076293945
mng,2021,57.9009398393744
mng,2022,59.15567065600913
mng,2023,61.22201272941186
moz,2009,0.7900000214576721
moz,2011,0.4699999988079071
moz,2015,1.320000052452087
moz,2017,1.429999947547913
moz,2020,3.430000066757202
moz,2022,2.344219923019409
mrt,2012,0.7625686878573349
mrt,2013,0.9100000262260436
mrt,2015,0.6308299899101257
mrt,2017,0.2150337113471686
mrt,2019,0.208715533222412
mus,2000,12.60000038146973
mus,2011,35.54999923706055
mwi,1998,0.9700000286102296
mwi,2011,2.981048156591004
mwi,2013,4.716572208138183
mwi,2015,3.116039991378784
mwi,2017,3.488089265916681
mwi,2020,3.915570020675659
mys,1996,17.1299991607666
mys,2000,19.61000061035156
mys,2009,34.77000045776367
mys,2010,37.08000183105469
mys,2016,42.68000030517578
mys,2019,47.81999969482422
mys,2022,51.9900016784668
nam,2001,8.050000190734863
nam,2010,39.97561433519299
nam,2012,2.767714785980304
nam,2013,3.402007078372921
nam,2014,3.707032965469262
nam,2016,16.89250836188783
nam,2018,46.28743214737748
ner,2012,0.3799999952316284
ner,2014,0.1446635150025322
ner,2018,0.1039699986577034
ner,2019,0.2135620154313158
ner,2022,0.2312133602216468
nga,2016,17.62311935424805
nga,2018,17.88993072509766
nga,2019,20.6465892791748
nga,2021,20.44795036315918
nga,2022,56.11883555166549
nic,2001,3.36
nic,2005,4.27
nic,2009,6.33
nic,2012,8.574476853918696
nic,2014,9.76
nic,2021,36.88278961181641
nld,2005,55.59000015258789
nld,2007,58.38000106811523
nld,2008,57.11999893188477
nld,2009,59.18000030517578
nld,2010,59.52000045776367
nld,2011,59.93999862670898
nld,2012,59.45000076293945
nld,2013,61.72000122070313
nld,2014,60.83000183105469
nld,2015,62.56999969482422
nld,2016,61.54000091552734
nld,2017,66.24857709591467
nld,2018,62.0099983215332
nld,2019,66.37512438141106
nld,2020,66.02999877929688
nld,2021,66.05117857553311
nld,2022,70.49648844936951
nor,1970,10.82999992370605
nor,1990,54.72000122070313
nor,2004,64.11000061035156
nor,2005,62.84999847412109
nor,2006,65.9800033569336
nor,2007,66.81999969482422
nor,2008,68.94999694824219
nor,2009,68.73999786376953
nor,2010,69.81999969482422
nor,2011,70.62000274658203
nor,2012,77.57736649836805
nor,2013,78.92836391663626
nor,2014,73.18000030517578
nor,2015,73.4000015258789
nor,2016,74.02999877929688
nor,2017,74.81999969482422
nor,2018,80.73640291342203
nor,2019,75.93000030517578
nor,2020,82.0077687685184
nor,2021,78.33169984924974
nor,2022,77.26503782666882
npl,2011,6.159999847412109
npl,2017,9.43925463799026
npl,2019,3.899909973144531
npl,2021,4.892489910125732
nzl,2001,71.54000091552734
nzl,2006,73.94999694824219
nzl,2012,64.94999694824219
nzl,2020,72.37999725341797
omn,2003,11.90999984741211
omn,2008,25.98999977111816
omn,2010,30.31999969482422
omn,2015,57.34999847412109
omn,2022,69.08999633789062
pak,2005,0.7300000190734863
pak,2006,6.090000152587891
pak,2008,6.150000095367432
pak,2009,5.840000152587891
pak,2010,6.239999771118164
pak,2011,5.900000095367432
pak,2012,10.56999969482422
pak,2013,10.90999984741211
pak,2014,12.0
pak,2015,8.850002844267099
pak,2016,8.51004386890918
pak,2017,12.51000022888184
pak,2018,3.5
pak,2019,5.659999847412109
pak,2021,10.59292426412063
pan,1980,5.010000228881836
pan,2000,18.26
pan,2001,14.3
pan,2002,15.92
pan,2003,16.0
pan,2004,16.72
pan,2005,17.64
pan,2006,18.03
pan,2007,19.24
pan,2008,19.83
pan,2009,19.39
pan,2010,20.17000007629395
pan,2011,20.18
pan,2012,21.15139454104152
pan,2013,20.43
pan,2014,21.86
pan,2015,22.49
pan,2016,23.22
pan,2017,23.39
pan,2018,24.09
pan,2019,27.33
pan,2021,28.74
pan,2022,28.68
pan,2023,28.91758990461521
per,2000,7.43
per,2001,7.97
per,2002,9.41
per,2003,8.47
per,2004,9.84
per,2005,9.05
per,2006,9.73
per,2007,10.43
per,2008,10.31
per,2009,10.8
per,2010,10.12
per,2011,11.22
per,2012,11.81
per,2013,11.36
per,2014,11.88
per,2015,12.78
per,2016,12.71
per,2017,12.99
per,2018,13.27
per,2019,13.76
per,2020,16.43
per,2021,16.46
per,2022,17.02
per,2023,21.52238047372783
phl,1970,8.130000114440918
phl,2010,46.18000030517578
phl,2013,50.7400016784668
phl,2017,50.88220350980488
phl,2019,25.81274986
phl,2021,27.74410375025106
phl,2022,27.26300048828125
png,2010,10.4341596955408
png,2018,4.645800113677979
png,2022,10.94801071032814
pol,2002,52.88999938964844
pol,2008,62.47000122070313
pol,2009,64.22000122070312
pol,2010,65.94000244140625
pol,2011,67.41000366210938
pol,2012,68.5999984741211
pol,2013,70.0999984741211
pol,2014,71.37999725341797
pol,2015,72.94380701022585
pol,2016,73.5999984741211
pol,2017,75.59081115970282
pol,2018,76.67967237342384
pol,2019,76.97391222109596
pol,2020,78.12000274658203
pol,2021,80.5347569992374
pol,2022,81.3085739820152
pol,2023,60.0672231751018
prt,1998,10.72000026702881
prt,1999,11.0
prt,2000,11.65999984741211
prt,2001,12.0
prt,2002,12.86999988555908
prt,2003,13.94999980926514
prt,2004,15.18000030517578
prt,2005,16.04999923706055
prt,2006,16.97999954223633
prt,2007,16.70999908447266
prt,2008,17.8700008392334
prt,2009,19.70999908447266
prt,2010,21.86000061035156
prt,2011,23.80999946594238
prt,2012,25.90999984741211
prt,2013,27.78000068664551
prt,2014,30.23999977111816
prt,2015,31.04000091552734
prt,2016,36.81000137329102
prt,2017,23.53000068664551
prt,2018,24.29999923706055
prt,2019,24.30999946594238
prt,2020,26.79000091552734
prt,2021,38.85302989849138
prt,2022,34.73402688703285
pry,1972,5.119999885559082
pry,2001,5.23
pry,2002,4.93
pry,2003,7.06
pry,2004,5.71
pry,2005,9.6
pry,2006,8.41
pry,2007,10.66
pry,2008,10.53
pry,2009,10.4
pry,2010,9.35
pry,2011,12.5
pry,2012,11.28
pry,2013,13.88
pry,2014,16.58
pry,2015,18.36
pry,2016,15.65
pry,2017,18.68
pry,2018,20.63
pry,2019,22.34
pry,2020,22.6
pry,2021,24.47
pry,2022,27.71
pse,2004,16.80999946594238
pse,2006,19.38999938964844
pse,2007,19.57999992370605
pse,2008,21.18000030517578
pse,2009,21.8799991607666
pse,2010,24.45999908447266
pse,2011,25.23999977111816
pse,2012,28.32999992370605
pse,2013,30.05999946594238
pse,2014,29.90999984741211
pse,2015,32.59000015258789
pse,2016,34.09999847412109
pse,2017,36.13000106811523
pse,2018,37.13000106811523
pse,2019,43.31137847900391
pse,2020,42.2400016784668
pse,2021,43.36812234074889
pse,2022,45.90999984741211
rou,2002,23.06999969482422
rou,2014,35.3752830547637
rou,2015,39.18999862670898
rou,2016,41.81000137329102
rou,2017,43.2400016784668
rou,2018,43.56703057665373
rou,2019,45.34000015258789
rou,2020,47.20000076293945
rou,2021,47.90000152587891
rou,2022,48.84999847412109
rus,2002,79.11000061035156
rus,2010,70.9800033569336
rus,2011,84.17922645297755
rus,2012,85.65281640382865
rus,2013,86.86379417511611
rus,2014,87.40362293638823
rus,2015,88.83438899300216
rus,2016,89.51232677587869
rus,2017,82.12621481553815
rus,2018,82.70747522556279
rus,2019,83.01118778315744
rus,2020,83.67272523553389
rus,2021,84.20999908447266
rus,2022,84.00948516451514
rus,2023,85.72212059337852
rwa,2012,2.809999942779541
rwa,2014,2.930000066757202
rwa,2015,2.639230012893677
rwa,2017,5.997467833133208
rwa,2018,4.150000095367432
rwa,2019,6.4420726935529
rwa,2020,5.344570159912109
rwa,2021,7.371945580923017
rwa,2022,5.360000133514404
rwa,2023,5.732533966748131
sdn,1983,0.3199999928474426
sdn,2011,9.399554935431906
sdn,2022,8.188455972492356
sen,2006,0.1400000005960464
sen,2011,0.2899999916553497
sen,2013,0.8999999761581421
sen,2015,0.4293499886989594
sen,2016,0.7878299951553345
sen,2017,1.970000028610229
sen,2018,0.8300899863243103
sen,2019,0.6906700134277344
sen,2022,1.793842029445
sle,2004,7.909999847412109
sle,2014,53.54641514259604
sle,2017,0.3759500086307526
sle,2018,1.332470062420579
sle,2019,1.413519978523254
slv,2000,3.36
slv,2001,4.07
slv,2002,4.58
slv,2003,5.18
slv,2004,5.1
slv,2005,5.83
slv,2006,7.4
slv,2007,7.08
slv,2008,6.519999980926514
slv,2009,6.73
slv,2010,6.78
slv,2011,6.5
slv,2012,8.0
slv,2013,8.77
slv,2014,9.95
slv,2015,11.07
slv,2016,11.86
slv,2017,12.92
slv,2018,13.46
slv,2019,13.75
slv,2020,15.31
slv,2021,16.88
slv,2022,18.33
slv,2023,15.71000003814697
som,2019,3.983573384347484
srb,2008,34.79000091552734
srb,2009,36.13000106811523
srb,2010,36.75
srb,2011,40.11000061035156
srb,2012,25.5115059060909
srb,2013,40.77000045776367
srb,2014,42.31999969482422
srb,2015,46.56999969482422
srb,2016,46.52999877929688
srb,2017,47.22999954223633
srb,2018,48.34467036263955
srb,2019,50.2599983215332
srb,2020,52.41339974238235
srb,2021,53.22296076685612
srb,2022,70.81794773417495
srb,2023,71.83209145503953
ssd,2008,8.720000267028809
stp,2012,20.89999961853027
stp,2017,8.357421765174143
sur,2012,12.84000015258789
sur,2018,10.46002006530762
svk,2010,77.89802600428817
svk,2011,71.86000061035156
svk,2012,79.60683041472547
svk,2013,80.61551572966917
svk,2014,74.29749295089785
svk,2015,76.11141545624692
svk,2016,76.42437960730103
svk,2017,75.91698231949532
svk,2018,76.70351214384517
svk,2019,77.82452398959369
svk,2020,79.42313581936756
svk,2021,87.07902271171565
svn,2004,59.83000183105469
svn,2005,59.2400016784668
svn,2006,60.93000030517578
svn,2007,60.88000106811523
svn,2008,62.2599983215332
svn,2009,64.37999725341797
svn,2010,64.33000183105469
svn,2011,64.94000244140625
svn,2012,67.04000091552734
svn,2013,67.56999969482422
svn,2014,68.30999755859375
svn,2015,70.02999877929688
svn,2016,70.31999969482422
svn,2017,71.31999969482422
svn,2018,73.93621569072646
svn,2019,74.16000366210938
svn,2020,75.81289585002725
svn,2021,78.89867593118983
svn,2022,78.97206034625539
swe,2010,74.27544741714563
swe,2011,74.98162139677181
swe,2012,74.39678567571663
swe,2013,75.35738011603918
swe,2014,76.18510063583386
swe,2015,77.76088775597611
swe,2016,78.58792126276992
swe,2017,79.71764218034778
swe,2018,81.53318263827947
swe,2019,81.04961748331438
swe,2020,81.28602722272768
swe,2021,79.56171323145513
swe,2022,81.21601400288931
swz,2016,10.29452850752108
swz,2021,11.31030433883831
swz,2022,25.52400016784668
swz,2023,13.46357994588048
syr,2007,10.53999996185303
syr,2008,10.46000003814697
syr,2009,10.81999969482422
tca,2019,57.60163116455078
tcd,2004,0.0
tcd,2009,0.2899999916553497
tcd,2019,0.2699199914932251
tgo,2009,0.9800000190734864
tgo,2011,0.2700000107288361
tgo,2015,17.6992027176733
tgo,2017,0.8228600025177002
tgo,2019,1.390851358113124
tgo,2022,2.492354554018506
tha,2010,16.01000022888184
tha,2013,18.59000015258789
tha,2014,19.99269423327464
tha,2015,21.58763821013919
tha,2016,22.72999954223633
tha,2017,22.95740130014484
tha,2018,24.13999938964844
tha,2019,26.45000076293945
tha,2020,26.50935679980823
tha,2021,27.71048019261905
tha,2022,30.54999923706055
tha,2023,31.26808139232553
tjk,2000,71.48999786376953
tjk,2017,73.91000366210938
tkm,2015,13.43865966796875
tkm,2019,16.2911396
tls,2010,8.5
tls,2013,35.80731812934805
tls,2016,12.8162202835083
tls,2021,26.05401628700918
tls,2022,7.305669758103068
ton,2011,51.97000122070313
ton,2018,63.03503252648431
ton,2021,69.2851721207787
tto,2022,62.59394073486328
tun,2013,15.45512290424017
tun,2014,8.229971732178177
tun,2015,17.55859061739066
tun,2017,19.05808041059968
tun,2018,11.2776403427124
tun,2019,14.24979324306737
tun,2022,10.51261043548584
tun,2023,22.38459775874149
tur,2004,5.010000228881836
tur,2005,5.860000133514404
tur,2006,6.269999980926514
tur,2007,6.449999809265137
tur,2008,6.929999828338623
tur,2009,5.289999961853027
tur,2010,8.149999618530273
tur,2011,8.90999984741211
tur,2012,9.409999847412108
tur,2013,9.380000114440918
tur,2014,9.989999771118164
tur,2015,10.82999992370605
tuv,2019,17.51152038574219
tza,2002,0.4399999976158142
tza,2010,0.3354238702980218
tza,2012,0.5600000023841858
tza,2015,1.125659942626953
tza,2018,0.8895300030708313
tza,2020,0.5422111197603667
tza,2022,2.039760112762451
uga,2002,2.109999895095825
uga,2008,5.0
uga,2010,3.630000114440918
uga,2011,3.27077525238855
uga,2012,2.730000019073486
uga,2014,2.72666688965651
uga,2016,4.54587984085083
uga,2017,11.69166763788222
uga,2021,22.9856456685754
ukr,2001,53.29000091552734
ukr,2018,56.80933848729399
ukr,2019,49.99782957225241
ukr,2020,50.79342932631191
ukr,2021,52.42232915844567
ury,2006,10.6899995803833
ury,2008,9.1
ury,2009,9.81
ury,2010,12.57
ury,2011,12.55
ury,2012,13.27
ury,2013,13.85
ury,2014,14.71
ury,2015,13.63
ury,2016,15.31
ury,2017,15.29
ury,2018,15.19
ury,2019,16.15
ury,2021,23.42
ury,2022,23.75
ury,2023,18.09159335598819
usa,2004,83.33000183105469
usa,2005,82.52999877929688
usa,2006,84.43000030517578
usa,2008,85.5999984741211
usa,2009,85.5199966430664
usa,2010,85.55999755859375
usa,2011,86.5
usa,2012,86.16000366210938
usa,2013,86.18000030517578
usa,2014,87.3499984741211
usa,2015,87.29000091552734
usa,2016,87.93000030517578
usa,2017,94.90753028019874
usa,2018,88.81999969482422
usa,2019,95.1593312953846
usa,2020,90.13999938964844
usa,2021,95.83445653300504
usa,2022,90.72000122070312
usa,2023,96.13509350465488
uzb,2016,91.65000152587892
uzb,2018,95.15000152587892
uzb,2019,95.75
uzb,2021,94.95999908447266
uzb,2022,95.90000152587892
ven,2001,11.72999954223633
vnm,2009,12.96000003814697
vnm,2010,12.68863295573814
vnm,2011,13.14332985867241
vnm,2012,13.56976138164741
vnm,2013,14.33755819142272
vnm,2014,14.97803322329928
vnm,2015,15.81429807686145
vnm,2016,16.40938799644392
vnm,2017,17.56929593241723
vnm,2018,18.03778783323995
vnm,2019,20.22999954223633
vnm,2020,21.91283365697041
vnm,2021,22.16854388402667
vnm,2022,23.03579657593906
vnm,2023,23.99738650013997
vut,2010,3.618566737904447
vut,2019,10.80506843310263
vut,2020,11.64382715545487
wsm,2012,54.1701707851894
wsm,2017,63.89056682409532
wsm,2019,38.78511047363281
yem,2014,4.438542900899501
yem,2023,9.01467990875244
zaf,1970,2.700000047683716
zaf,2001,12.64000034332275
zaf,2002,25.69000053405762
zaf,2003,27.57999992370605
zaf,2004,28.93000030517578
zaf,2005,29.64999961853027
zaf,2006,30.69000053405762
zaf,2007,32.09999847412109
zaf,2008,31.47999954223633
zaf,2009,35.56999969482422
zaf,2010,36.7599983215332
zaf,2011,39.11999893188477
zaf,2012,40.77000045776367
zaf,2013,20.20027275162715
zaf,2014,43.34999847412109
zaf,2015,44.25
zaf,2016,23.78010835770473
zaf,2017,42.34999847412109
zaf,2018,24.85663576370327
zaf,2019,54.38999938964844
zaf,2020,32.94107055664063
zaf,2021,58.08000183105469
zaf,2022,28.98059708876185
zaf,2023,30.53554410661764
zmb,2015,7.296803798743675
zmb,2017,7.44925035946472
zmb,2018,4.696569919586182
zmb,2019,11.34082820607796
zmb,2020,14.06471824735862
zmb,2021,12.71770510608068
zmb,2022,12.81269709449584
zwe,2002,1.820000052452087
zwe,2011,5.389733711968201
zwe,2012,1.240000009536743
zwe,2014,5.639999866485596
zwe,2015,2.975980043411255
zwe,2017,2.539999961853027
zwe,2019,5.237410068511963
zwe,2021,58.56730756847369
zwe,2022,60.73076623974066
