country,year,oaepg_h_1_q1
afg,2011,19.13
afg,2015,13.66870975494385
afg,2022,32.04814910888672
ago,2015,59.32609939575195
alb,2005,5.600000000000001
alb,2009,6.52
alb,2017,3.759829998016357
arm,2016,2.737620115280151
aze,2006,5.54
aze,2023,1.246140003204346
bdi,2005,63.13
bdi,2010,78.7
bdi,2017,49.72332000732422
ben,2006,58.35
ben,2017,23.08171081542969
ben,2018,38.73
ben,2021,35.40676879882813
bfa,2003,42.75
bfa,2006,38.61
bfa,2010,37.47
bfa,2019,44.8
bfa,2021,33.43561935424805
bgd,2004,62.32
bgd,2006,24.96
bgd,2007,63.16
bgd,2011,48.54
bgd,2013,61.25000000000001
bgd,2014,45.35
bgd,2019,33.00802993774414
bih,2006,3.87
blr,2005,1.71
blr,2012,0.0
blr,2019,0.2255699932575226
blz,2006,16.3
blz,2016,16.73480033874512
bol,2000,31.5
bol,2001,26.1
bol,2002,31.7
bol,2003,18.75
bol,2004,26.7
bol,2005,17.1
bol,2006,23.5
bol,2007,17.3
bol,2008,19.6
bol,2009,19.9
bol,2011,14.2
bol,2012,19.7
bol,2013,11.3
bol,2014,11.5
bol,2015,3.7
bol,2016,8.8
bol,2017,9.6
bol,2018,10.6
bol,2019,8.4
bol,2020,6.5
bol,2021,4.4
bra,2001,37.7
bra,2002,34.3
bra,2003,30.8
bra,2004,29.4
bra,2005,29.0
bra,2006,26.9
bra,2007,31.3
bra,2008,31.3
bra,2009,32.2
bra,2011,28.2
bra,2012,25.3
bra,2013,24.1
bra,2014,20.4
bra,2015,20.0
bra,2016,17.6
bra,2017,16.2
bra,2018,15.3
bra,2019,13.9
bra,2020,12.5
bra,2021,12.7
bra,2022,10.8
bra,2023,10.5
btn,2010,42.8
caf,2006,62.61
caf,2010,65.38000000000001
caf,2019,54.10860061645508
chl,2000,17.4
chl,2003,14.0
chl,2006,15.2
chl,2009,13.5
chl,2011,15.2
chl,2013,13.1
chl,2015,13.2
chl,2017,12.1
chl,2020,9.9
chl,2022,1.7
civ,2006,54.82
civ,2012,26.13
civ,2016,34.1844596862793
civ,2019,20.6499195098877
civ,2022,31.5667896270752
cmr,2004,43.33
cmr,2006,53.44
cmr,2011,43.41
cmr,2014,46.45
cmr,2018,65.18444061279297
cod,2007,57.19
cod,2010,68.84
cod,2013,56.64
cod,2018,46.89390182495117
cog,2005,49.46
cog,2015,36.07532119750977
col,2002,36.3
col,2003,35.3
col,2004,35.5
col,2005,33.0
col,2008,28.6
col,2009,30.0
col,2010,27.1
col,2011,27.8
col,2012,27.0
col,2013,25.2
col,2014,24.8
col,2015,28.52936935424805
col,2016,24.2
col,2017,23.0
col,2018,21.3
col,2019,20.9
col,2020,22.3
col,2021,19.1
col,2022,19.7
col,2023,18.1
com,2012,55.27999999999999
com,2022,25.6955509185791
cri,2002,31.0
cri,2003,30.9
cri,2004,32.4
cri,2005,32.9
cri,2006,29.0
cri,2007,29.8
cri,2008,30.0
cri,2009,28.8
cri,2010,29.5
cri,2011,27.0
cri,2012,25.3
cri,2013,23.1
cri,2014,21.7
cri,2015,20.9
cri,2016,20.8
cri,2017,17.7
cri,2018,11.54940986633301
cri,2019,16.3
cri,2020,14.1
cri,2021,12.8
cri,2022,10.2
cri,2023,8.3
dom,2000,40.5
dom,2001,42.1
dom,2002,37.9
dom,2003,38.1
dom,2004,35.1
dom,2005,36.1
dom,2006,35.7
dom,2007,32.0
dom,2008,30.2
dom,2009,26.8
dom,2010,26.8
dom,2011,26.7
dom,2012,26.1
dom,2013,28.6
dom,2014,21.3
dom,2015,20.7
dom,2016,22.2
dom,2017,18.1
dom,2018,16.8
dom,2019,21.3654899597168
dom,2020,11.5
dom,2021,11.4
dom,2022,15.2
dom,2023,13.8
dza,2019,11.44400978088379
ecu,2001,20.4
ecu,2003,19.9
ecu,2005,17.3
ecu,2006,13.0
ecu,2007,12.0
ecu,2008,11.1
ecu,2009,10.2
ecu,2010,9.6
ecu,2011,8.1
ecu,2012,7.0
ecu,2013,6.1
ecu,2014,4.9
ecu,2015,4.1
ecu,2016,3.0
ecu,2017,2.9
ecu,2018,5.1
ecu,2019,2.0
ecu,2020,2.5
ecu,2021,2.5
ecu,2022,2.2
ecu,2023,2.6
egy,2005,4.27
egy,2014,2.18
egy,2022,3.722779989242554
eth,2005,62.46000000000001
eth,2011,46.31
eth,2016,38.14588928222656
eth,2019,60.8814697265625
fji,2021,1.441619992256165
gab,2012,40.25
gab,2017,45.59
gab,2021,53.42554092407227
geo,2005,9.81
geo,2018,0.5222300291061401
gha,2003,47.05
gha,2006,57.33000000000001
gha,2011,66.25
gha,2014,63.13999999999999
gha,2018,60.24478149414063
gha,2022,68.61493682861328
gin,2005,27.78
gin,2012,40.72
gin,2016,32.42485809326172
gin,2018,34.28094863891602
gmb,2006,43.14
gmb,2013,21.73
gmb,2018,26.03650093078613
gmb,2020,30.08004951477051
gnb,2006,76.39
gnb,2014,86.83999999999999
gtm,2000,49.1
gtm,2006,41.2
gtm,2014,30.6
gtm,2015,33.82904052734375
gtm,2023,36.6
guy,2006,8.91
guy,2009,5.02
guy,2014,4.02
guy,2020,1.252910017967224
hnd,2001,44.4
hnd,2004,44.4
hnd,2005,43.5
hnd,2006,70.95
hnd,2009,40.0
hnd,2010,35.8
hnd,2011,35.8
hnd,2012,32.8
hnd,2013,31.5
hnd,2014,27.8
hnd,2015,23.9
hnd,2016,16.8
hnd,2018,17.5
hnd,2019,12.44567012786865
hnd,2023,15.1
hti,2012,66.23
hti,2017,69.56413269042969
idn,2012,7.53
ind,2016,13.32689952850342
ind,2020,10.24114990234375
irq,2011,17.11
irq,2018,19.05006980895996
jam,2011,0.97
jam,2022,1.711889982223511
jor,2007,8.1
jor,2012,6.87
jor,2018,5.591839790344238
jor,2023,3.346460103988647
kaz,2006,0.08
kaz,2015,0.0
ken,2003,88.34
ken,2021,43.27054977416992
kgz,2012,5.16
kgz,2014,0.0
kgz,2018,0.3055500090122223
kgz,2023,0.1673499941825867
khm,2005,66.35
khm,2010,55.35
khm,2014,47.07
khm,2020,30.95433044433594
kir,2019,5.444320201873779
lao,2006,58.5
lao,2017,36.01736068725586
lao,2023,21.50984954833984
lbr,2007,82.69
lbr,2013,84.94
lbr,2019,90.63784027099608
lca,2012,1.28
lso,2009,42.2
lso,2014,29.03
lso,2018,26.65365982055664
lso,2023,23.88722991943359
mda,2005,11.27
mda,2012,1.24
mdg,2004,66.2
mdg,2009,59.41
mdg,2018,47.88862991333008
mdg,2021,43.08283996582031
mdv,2017,2.672620058059692
mex,2000,20.4
mex,2002,16.5
mex,2004,17.2
mex,2006,14.4
mex,2008,8.8
mex,2010,10.7
mex,2012,8.6
mex,2014,6.6
mex,2016,7.185009956359863
mex,2018,3.1
mex,2020,3.0
mex,2022,2.6
mkd,2005,12.23
mkd,2011,3.0
mkd,2019,3.081789970397949
mli,2006,21.85
mli,2015,17.15151023864746
mli,2018,15.83071994781494
mmr,2016,23.45059013366699
mne,2005,11.47
mne,2013,1.79
mne,2018,16.73290061950684
mng,2010,11.3
mng,2018,1.555830001831055
moz,2003,63.53
moz,2008,48.08
moz,2011,51.13999999999999
moz,2022,47.02505111694336
mrt,2007,56.03
mrt,2011,51.02
mrt,2015,49.08401107788086
mrt,2021,60.3773307800293
mwi,2004,55.08
mwi,2006,68.13
mwi,2010,50.09
mwi,2014,61.1
mwi,2016,57.70357131958008
mwi,2020,53.32001876831055
nam,2007,33.2
nam,2013,19.32
nam,2015,11.5
ner,2006,14.19
ner,2012,7.27
ner,2018,15.41
nga,2003,44.37
nga,2007,33.37
nga,2008,36.97
nga,2011,31.16
nga,2013,27.99
nga,2016,42.27381134033203
nga,2018,36.87081146240234
nga,2021,42.17134094238281
nic,2001,61.6
nic,2005,67.7
nic,2009,62.1
nic,2014,39.8
npl,2006,45.83
npl,2011,36.99
npl,2016,32.25024032592773
npl,2019,43.97858810424805
npl,2022,29.83357048034668
nru,2023,6.25
pak,2012,52.15
pak,2018,57.8730583190918
pan,2000,19.5
pan,2001,29.0
pan,2002,28.4
pan,2003,25.8
pan,2004,23.2
pan,2005,24.0
pan,2006,22.3
pan,2007,23.2
pan,2008,19.6
pan,2009,18.4
pan,2011,22.1
pan,2013,24.4
pan,2014,18.0
pan,2015,16.6
pan,2016,12.3
pan,2017,11.8
pan,2018,13.3
pan,2019,9.6
pan,2021,12.7
pan,2022,8.4
pan,2023,10.3
per,2000,31.7
per,2001,32.6
per,2002,32.8
per,2003,29.2
per,2004,27.4
per,2005,24.8
per,2006,23.5
per,2007,21.0
per,2008,22.3
per,2009,20.8
per,2010,20.7
per,2011,18.7
per,2012,16.9
per,2013,15.5
per,2014,15.7
per,2015,13.3
per,2016,12.9
per,2017,11.9
per,2018,11.3
per,2019,10.3
per,2020,7.6
per,2021,6.2
per,2022,5.1
per,2023,3.8
phl,2018,19.6536693572998
phl,2022,12.3004903793335
png,2018,55.11367034912109
pry,2001,35.6
pry,2002,28.0
pry,2003,35.4
pry,2004,32.4
pry,2005,32.7
pry,2006,35.1
pry,2007,29.6
pry,2008,34.7
pry,2009,28.6
pry,2010,30.5
pry,2011,27.0
pry,2012,29.3
pry,2013,23.1
pry,2014,28.6
pry,2015,20.8
pry,2016,21.71169090270996
pry,2017,23.0
pry,2018,17.3
pry,2019,14.4
pry,2020,13.7
pry,2021,10.8
pry,2022,12.7
pry,2023,10.9
pse,2010,1.3
pse,2014,0.58
pse,2020,0.5098900198936462
rwa,2005,69.26
rwa,2010,67.36999999999999
rwa,2015,27.76798057556152
rwa,2020,48.05913162231445
sdn,2010,54.06
sdn,2014,55.69
sen,2005,29.56
sen,2011,16.84
sen,2014,36.21
sen,2015,32.38745880126953
sen,2016,37.26544189453125
sen,2017,40.54114151000977
sen,2018,37.3053092956543
sen,2019,37.76340866088867
sen,2023,27.02417945861816
sle,2005,49.41999999999999
sle,2008,48.84
sle,2010,41.48
sle,2013,38.98
sle,2017,35.09123992919922
sle,2019,29.60622978210449
slv,2000,34.7
slv,2001,35.1
slv,2002,33.7
slv,2003,32.0
slv,2004,33.7
slv,2005,29.4
slv,2006,28.4
slv,2007,28.6
slv,2009,26.1
slv,2010,27.9
slv,2012,21.0
slv,2013,23.4
slv,2014,20.1
slv,2015,18.7
slv,2016,18.7
slv,2017,15.6
slv,2018,14.9
slv,2019,15.0
slv,2020,11.4
slv,2021,10.8
slv,2022,11.2
slv,2023,11.5
som,2006,69.5
srb,2005,8.5
srb,2014,5.33
ssd,2010,70.24000000000001
stp,2014,29.43
stp,2019,30.83106994628906
sur,2006,46.84
sur,2010,35.46
sur,2018,29.56940078735352
swz,2006,57.62
swz,2010,40.22
swz,2014,52.88
swz,2022,25.2694091796875
syr,2006,5.71
tca,2020,14.40081024169922
tcd,2004,73.83
tcd,2010,51.53
tcd,2019,55.97861099243164
tgo,2006,36.44
tgo,2010,43.34
tgo,2014,40.41
tgo,2017,33.9622688293457
tha,2005,2.33
tha,2016,3.347330093383789
tha,2019,3.475899934768677
tha,2023,3.040570020675659
tjk,2012,1.08
tjk,2017,0.810670018196106
tkm,2019,0.0
tls,2009,57.28
tls,2016,37.23451995849609
ton,2019,0.0842000022530556
tto,2006,11.07
tto,2022,11.19696044921875
tun,2012,5.91
tun,2018,10.51496982574463
tun,2023,14.10929012298584
tur,2004,11.3
tur,2008,17.17
tur,2018,2.52
tuv,2020,2.18585991859436
tza,2022,33.3601188659668
uga,2006,49.54
uga,2011,51.39
uga,2016,52.24726104736328
uga,2019,54.64
ukr,2005,5.899999999999999
ukr,2007,3.61
ury,2008,18.7
ury,2009,17.5
ury,2010,16.3
ury,2011,14.7
ury,2012,14.1
ury,2013,13.0
ury,2014,12.8
ury,2015,12.6
ury,2016,11.7
ury,2017,10.6
ury,2018,9.6
ury,2019,8.4
ury,2021,8.6
ury,2022,9.2
ury,2023,7.8
uzb,2006,0.0
uzb,2021,0.1966300010681152
ven,2000,20.8
ven,2001,22.3
ven,2002,23.4
ven,2003,22.9
ven,2004,21.7
ven,2005,20.3
ven,2006,20.8
ven,2007,17.0
ven,2008,16.2
ven,2009,14.7
ven,2010,14.7
ven,2011,12.9
ven,2012,12.5
ven,2013,11.3
ven,2014,10.5
vnm,2006,17.87
vnm,2014,2.86
vnm,2021,1.802970051765442
vut,2023,23.40625
wsm,2019,6.815060138702393
yem,2022,41.12213897705078
zaf,2016,7.754059791564941
zmb,2007,66.3
zmb,2013,60.97
zmb,2018,32.18032836914063
zwe,2005,15.34
zwe,2009,12.73
zwe,2010,15.06
zwe,2014,27.04
zwe,2015,20.30293083190918
zwe,2019,21.68032073974609
