country,year,lr_ag25t64_f_lpia
afg,1979,0.0900000035762787
afg,2011,0.1400000005960464
afg,2015,0.2199999988079071
afg,2021,0.2700000107288361
afg,2022,0.3700000047683716
ago,2014,0.300000011920929
ago,2015,0.2899999916553497
ago,2023,0.2800000011920929
alb,2008,0.9900000095367432
alb,2011,0.9900000095367432
alb,2012,1.0
alb,2017,1.0
are,2005,0.8100000023841858
arg,1991,0.8999999761581421
arg,2001,0.9300000071525574
arm,1989,0.9900000095367432
arm,2001,1.0
arm,2011,1.0
arm,2016,1.0
arm,2017,1.0
arm,2020,1.0
arm,2022,1.0
arm,2023,1.0
aze,1999,0.9900000095367432
aze,2007,1.0
aze,2009,1.0
aze,2010,1.0
aze,2011,1.0
aze,2012,1.0
aze,2013,1.0
aze,2014,1.0
aze,2015,1.0
aze,2016,1.0
aze,2017,1.0
aze,2019,1.0
aze,2023,1.0
bdi,2008,0.4699999988079071
bdi,2014,0.550000011920929
bdi,2016,0.5799999833106995
bdi,2017,0.6000000238418579
ben,1979,0.119999997317791
ben,2002,0.2300000041723251
ben,2013,0.3499999940395355
ben,2017,0.3300000131130219
ben,2019,0.4099999964237213
ben,2021,0.4099999964237213
ben,2022,0.4300000071525574
bfa,1991,0.0900000035762787
bfa,1996,0.0900000035762787
bfa,2003,0.119999997317791
bfa,2005,0.119999997317791
bfa,2006,0.1099999994039536
bfa,2007,0.2099999934434891
bfa,2014,0.2000000029802322
bfa,2018,0.1700000017881393
bfa,2019,0.1599999964237213
bfa,2021,0.2300000041723251
bfa,2022,0.2899999916553497
bgd,1981,0.4199999868869781
bgd,1991,0.449999988079071
bgd,2001,0.5699999928474426
bgd,2011,0.6299999952316284
bgd,2012,0.6100000143051147
bgd,2013,0.6700000166893005
bgd,2014,0.6800000071525574
bgd,2015,0.6700000166893005
bgd,2016,0.7400000095367432
bgd,2017,0.75
bgd,2018,0.7699999809265137
bgd,2019,0.7799999713897705
bgd,2020,0.7799999713897705
bgd,2021,0.8199999928474426
bgd,2022,1.0
bgr,2001,0.9800000190734864
bgr,2011,0.9800000190734864
bih,2013,0.9900000095367432
blr,1999,1.0
blr,2009,1.0
blr,2019,1.0
blz,2000,0.7599999904632568
blz,2015,0.959999978542328
blz,2022,0.8899999856948853
bol,1992,0.5099999904632568
bol,2001,0.6600000262260437
bol,2007,0.7400000095367432
bol,2008,0.7699999809265137
bol,2009,0.7900000214576721
bol,2011,0.7799999713897705
bol,2012,0.8700000047683716
bol,2015,0.800000011920929
bol,2020,0.8500000238418579
bol,2023,0.8999999761581421
bol,2024,0.949999988079071
bra,1980,0.5799999833106995
bra,2004,0.800000011920929
bra,2006,0.8199999928474426
bra,2007,0.8299999833106995
bra,2008,0.8399999737739563
bra,2009,0.8399999737739563
bra,2010,0.8299999833106995
bra,2011,0.8600000143051147
bra,2012,0.8600000143051147
bra,2013,0.8600000143051147
bra,2014,0.8700000047683716
bra,2015,0.8799999952316284
bra,2016,0.8799999952316284
bra,2017,0.8899999856948853
bra,2018,0.8899999856948853
bra,2024,0.9300000071525574
brn,2011,0.9700000286102296
btn,2005,0.3600000143051147
btn,2012,0.4199999868869781
btn,2017,0.5299999713897705
btn,2022,0.5899999737739563
caf,2019,0.1500000059604645
chl,2002,0.9300000071525574
chl,2011,0.949999988079071
chl,2013,0.959999978542328
chl,2015,0.9700000286102296
chl,2017,0.9700000286102296
chn,1990,0.7099999785423279
chn,2020,0.9700000286102296
civ,2014,0.4300000071525574
civ,2016,0.3899999856948853
civ,2021,0.3499999940395355
cmr,2007,0.5299999713897705
cmr,2010,0.5299999713897705
cmr,2018,0.5099999904632568
cod,2012,0.5299999713897705
cod,2016,0.5199999809265137
cod,2018,0.449999988079071
cod,2023,0.3799999952316284
col,1993,0.8199999928474426
col,1996,0.8299999833106995
col,2005,0.8899999856948853
col,2006,0.8899999856948853
col,2007,0.8999999761581421
col,2008,0.8899999856948853
col,2009,0.8999999761581421
col,2010,0.8999999761581421
col,2011,0.8899999856948853
col,2014,0.9100000262260436
col,2015,0.8999999761581421
col,2016,0.9200000166893004
col,2018,0.9200000166893004
col,2019,0.9300000071525574
col,2020,0.9399999976158142
col,2024,0.9300000071525574
cpv,2012,0.8299999833106995
cpv,2015,0.8500000238418579
cpv,2024,0.949999988079071
cri,2000,0.949999988079071
cri,2011,0.9700000286102296
cri,2018,0.9700000286102296
cub,2002,1.0
cub,2012,1.0
cyp,2001,0.9800000190734864
cyp,2011,1.0
dom,2002,0.8799999952316284
dom,2007,0.8700000047683716
dom,2010,0.8999999761581421
dom,2011,0.8999999761581421
dom,2012,0.8999999761581421
dom,2013,0.8999999761581421
dom,2014,0.9100000262260436
dom,2015,0.9100000262260436
dom,2016,0.9300000071525574
dom,2019,0.8899999856948853
dom,2024,0.9200000166893004
dza,2002,0.5099999904632568
dza,2006,0.6000000238418579
dza,2008,0.6100000143051147
dza,2019,0.7400000095367432
ecu,1990,0.7599999904632568
ecu,2001,0.8500000238418579
ecu,2007,0.8600000143051147
ecu,2008,0.8700000047683716
ecu,2009,0.8700000047683716
ecu,2010,0.8600000143051147
ecu,2011,0.8700000047683716
ecu,2012,0.8799999952316284
ecu,2013,0.8999999761581421
ecu,2014,0.9300000071525574
ecu,2015,0.9100000262260436
ecu,2016,0.9200000166893004
ecu,2017,0.9300000071525574
ecu,2020,0.8899999856948853
ecu,2021,0.9700000286102296
ecu,2022,0.959999978542328
ecu,2024,0.8999999761581421
egy,1986,0.2099999934434891
egy,2005,0.699999988079071
egy,2010,0.4699999988079071
egy,2012,0.4699999988079071
egy,2013,0.5699999928474426
eri,2002,0.25
eri,2008,0.4300000071525574
esp,2004,0.9900000095367432
esp,2005,0.9900000095367432
esp,2006,1.0
esp,2007,1.0
esp,2008,1.0
esp,2009,1.0
esp,2010,1.0
esp,2011,1.0
esp,2012,1.0
esp,2013,1.0
esp,2014,1.0
esp,2015,1.0
esp,2016,1.0
esp,2018,1.0
esp,2020,1.0
est,1989,1.0
est,2000,1.0
eth,1994,0.119999997317791
eth,2007,0.1899999976158142
eth,2016,0.2000000029802322
eth,2019,0.2599999904632568
eth,2022,0.3899999856948853
fji,2021,0.9900000095367432
gab,2021,0.8500000238418579
geo,2002,1.0
geo,2014,1.0
geo,2017,1.0
geo,2018,0.9900000095367432
geo,2022,0.9900000095367432
geo,2023,0.9900000095367432
geo,2024,1.0
gha,2000,0.4900000095367432
gha,2010,0.6000000238418579
gha,2017,0.5799999833106995
gha,2021,0.5600000023841858
gin,1996,0.1099999994039536
gin,2010,0.1000000014901161
gin,2014,0.1800000071525574
gin,2016,0.1899999976158142
gin,2018,0.2099999934434891
gmb,2015,0.3700000047683716
gmb,2018,0.2700000107288361
gmb,2021,0.3100000023841858
gnb,2019,0.2800000011920929
gnb,2022,0.3300000131130219
grc,1981,0.8799999952316284
grc,1991,0.9100000262260436
grc,2001,0.9700000286102296
grc,2009,0.9800000190734864
gtm,1994,0.5299999713897705
gtm,2002,0.5299999713897705
gtm,2012,0.7099999785423279
gtm,2013,0.7300000190734863
gtm,2014,0.6499999761581421
gtm,2015,0.7099999785423279
gtm,2018,0.699999988079071
gtm,2022,0.7799999713897705
gtm,2024,0.8100000023841858
guy,2020,0.9900000095367432
hnd,2007,0.800000011920929
hnd,2010,0.8199999928474426
hnd,2011,0.8199999928474426
hnd,2012,0.8399999737739563
hnd,2013,0.8299999833106995
hnd,2014,0.8299999833106995
hnd,2015,0.8600000143051147
hnd,2016,0.8700000047683716
hnd,2018,0.8500000238418579
hnd,2019,0.8500000238418579
hnd,2023,0.8700000047683716
hnd,2024,0.8899999856948853
hrv,2001,0.9900000095367432
hti,2003,0.4000000059604645
hti,2017,0.6700000166893005
idn,2004,0.8899999856948853
idn,2006,0.8999999761581421
idn,2008,0.9200000166893004
idn,2009,0.9200000166893004
idn,2010,0.8999999761581421
idn,2011,0.9200000166893004
idn,2014,0.9399999976158142
idn,2015,0.949999988079071
idn,2016,0.949999988079071
idn,2018,0.949999988079071
idn,2020,0.949999988079071
ind,1981,0.2899999916553497
ind,2001,0.5
ind,2011,0.5799999833106995
ind,2022,0.7200000286102295
ind,2023,0.7699999809265137
irn,1976,0.0700000002980232
irn,1991,0.3499999940395355
irn,1996,0.4900000095367432
irn,2005,0.6600000262260437
irn,2006,0.6499999761581421
irn,2008,0.6899999976158142
irn,2011,0.7200000286102295
irn,2012,0.7300000190734863
irn,2013,0.7400000095367432
irn,2014,0.7400000095367432
irn,2016,0.7599999904632568
irq,2018,0.800000011920929
jam,2022,1.049999952316284
jor,2003,0.8199999928474426
jor,2010,0.8799999952316284
jor,2011,1.0
jor,2012,1.0
jor,2018,0.9200000166893004
jor,2023,0.9300000071525574
jor,2024,0.9800000190734864
kaz,2009,1.0
kgz,1999,0.9900000095367432
kgz,2009,1.0
khm,2004,0.800000011920929
khm,2008,0.7400000095367432
khm,2009,0.7300000190734863
khm,2013,0.7599999904632568
khm,2014,0.7200000286102295
khm,2015,0.7599999904632568
khm,2019,0.8600000143051147
khm,2021,0.7300000190734863
kir,2018,0.9900000095367432
kwt,2006,1.019999980926514
kwt,2007,1.019999980926514
kwt,2010,1.009999990463257
kwt,2012,0.9800000190734864
kwt,2015,0.9700000286102296
kwt,2017,0.9700000286102296
kwt,2018,0.9700000286102296
lao,2001,0.6800000071525574
lao,2015,0.7699999809265137
lao,2017,0.6200000047683716
lao,2023,0.6700000166893005
lka,1981,0.8500000238418579
lka,2001,0.959999978542328
lka,2006,0.9700000286102296
lka,2008,0.9800000190734864
lka,2010,0.9700000286102296
lka,2016,0.9800000190734864
lka,2017,0.9700000286102296
lka,2018,0.9800000190734864
lka,2019,0.9800000190734864
lka,2020,0.9700000286102296
lka,2021,0.9700000286102296
lka,2022,0.9800000190734864
lka,2023,0.9800000190734864
lka,2024,0.9800000190734864
lso,2006,0.8299999833106995
lso,2016,0.9900000095367432
lso,2018,0.949999988079071
lso,2024,0.9900000095367432
ltu,2001,1.0
ltu,2011,1.0
lva,1989,1.0
lva,2000,1.0
lva,2011,1.0
mar,1982,0.0599999986588955
mar,1994,0.0900000035762787
mar,2004,0.1899999976158142
mar,2008,0.2099999934434891
mar,2009,0.2300000041723251
mar,2012,0.4300000071525574
mar,2014,0.3300000131130219
mda,2014,1.0
mdg,2012,0.6600000262260437
mdg,2018,0.7400000095367432
mdg,2021,0.7400000095367432
mdv,2000,0.9700000286102296
mdv,2006,0.9900000095367432
mdv,2014,0.9900000095367432
mdv,2016,0.9900000095367432
mex,1990,0.7099999785423279
mex,2004,0.8799999952316284
mex,2005,0.8100000023841858
mex,2006,0.8700000047683716
mex,2007,0.8500000238418579
mex,2008,0.8500000238418579
mex,2009,0.8600000143051147
mex,2010,0.8500000238418579
mex,2011,0.8600000143051147
mex,2012,0.8899999856948853
mex,2013,0.8700000047683716
mex,2014,0.8999999761581421
mex,2015,0.8899999856948853
mex,2016,0.9100000262260436
mex,2017,0.9100000262260436
mex,2018,0.9200000166893004
mex,2020,0.9100000262260436
mhl,2011,1.0
mhl,2019,1.019999980926514
mli,2006,0.1899999976158142
mli,2010,0.2099999934434891
mli,2011,0.2099999934434891
mli,2015,0.239999994635582
mli,2018,0.2199999988079071
mli,2024,0.3700000047683716
mlt,1995,1.039999961853027
mlt,2011,1.009999990463257
mmr,2014,0.8999999761581421
mmr,2016,0.8500000238418579
mmr,2019,0.9100000262260436
mne,2003,0.9900000095367432
mne,2011,1.0
mne,2018,1.009999990463257
mng,2000,0.9800000190734864
mng,2010,0.9800000190734864
mng,2018,0.959999978542328
mng,2019,0.9800000190734864
mng,2020,0.9900000095367432
mng,2022,0.9800000190734864
mng,2023,0.9800000190734864
mng,2024,0.9900000095367432
moz,1997,0.2199999988079071
moz,2009,0.2800000011920929
moz,2015,0.3499999940395355
moz,2017,0.4199999868869781
moz,2020,0.3799999952316284
mrt,2013,0.5299999713897705
mrt,2015,0.5600000023841858
mrt,2020,0.5299999713897705
mus,2000,0.8500000238418579
mus,2011,0.9200000166893004
mwi,1998,0.550000011920929
mwi,2018,0.6800000071525574
mwi,2020,0.6499999761581421
mys,1991,0.7699999809265137
mys,2000,0.8299999833106995
mys,2010,0.9200000166893004
mys,2016,0.9300000071525574
mys,2017,0.9399999976158142
mys,2018,0.949999988079071
mys,2019,0.949999988079071
mys,2022,0.959999978542328
nam,1991,0.699999988079071
nam,2001,0.8100000023841858
nam,2011,0.8700000047683716
nam,2023,0.8700000047683716
ner,2001,0.1400000005960464
ner,2005,0.2099999934434891
ner,2012,0.2899999916553497
ner,2018,0.2599999904632568
ner,2022,0.2700000107288361
nga,1991,0.5199999809265137
nga,2016,0.4900000095367432
nga,2021,0.4600000083446503
nga,2024,0.6100000143051147
nic,2005,0.6600000262260437
npl,1981,0.2199999988079071
npl,2001,0.4300000071525574
npl,2011,0.5
npl,2016,0.6600000262260437
npl,2019,0.699999988079071
omn,2003,0.8299999833106995
omn,2008,0.7799999713897705
omn,2010,0.8100000023841858
omn,2015,0.8899999856948853
omn,2020,0.9700000286102296
omn,2022,0.9700000286102296
pak,1981,0.1800000071525574
pak,1998,0.2599999904632568
pak,2005,0.3199999928474426
pak,2006,0.3400000035762787
pak,2007,0.3199999928474426
pak,2008,0.3700000047683716
pak,2009,0.3400000035762787
pak,2010,0.3600000143051147
pak,2011,0.3499999940395355
pak,2012,0.3700000047683716
pak,2013,0.3700000047683716
pak,2014,0.3700000047683716
pak,2017,0.3899999856948853
pak,2018,0.4399999976158142
pak,2019,0.449999988079071
pan,1980,0.7599999904632568
pan,2000,0.8100000023841858
pan,2010,0.8500000238418579
pan,2018,0.8799999952316284
pan,2019,0.9100000262260436
per,2004,0.6399999856948853
per,2005,0.6700000166893005
per,2006,0.6899999976158142
per,2007,0.699999988079071
per,2012,0.7599999904632568
per,2014,0.7699999809265137
per,2015,0.7900000214576721
per,2016,0.800000011920929
per,2017,0.7900000214576721
per,2018,0.800000011920929
per,2020,0.8199999928474426
phl,1980,0.7900000214576721
phl,1990,0.9100000262260436
phl,2013,0.9700000286102296
phl,2015,0.9800000190734864
phl,2019,0.959999978542328
phl,2020,0.9900000095367432
phl,2022,0.9700000286102296
png,2017,0.6499999761581421
pol,1978,0.9900000095367432
prk,2008,1.0
prt,2011,0.9900000095367432
pry,2007,0.9399999976158142
pry,2008,0.8999999761581421
pry,2009,0.9200000166893004
pry,2010,0.9100000262260436
pry,2012,0.9100000262260436
pry,2013,0.9200000166893004
pry,2014,0.9300000071525574
pry,2015,0.9300000071525574
pry,2016,0.9300000071525574
pry,2018,0.9399999976158142
pry,2019,0.9300000071525574
pry,2020,0.949999988079071
pry,2024,0.959999978542328
pse,1997,0.8700000047683716
pse,2004,0.9200000166893004
pse,2006,0.9399999976158142
pse,2007,0.949999988079071
pse,2008,0.959999978542328
pse,2009,0.959999978542328
pse,2010,0.9800000190734864
pse,2011,0.9800000190734864
pse,2012,0.9800000190734864
pse,2013,0.9700000286102296
pse,2014,0.959999978542328
pse,2015,0.9700000286102296
pse,2016,0.9800000190734864
pse,2017,0.9800000190734864
pse,2018,0.9800000190734864
pse,2019,0.9900000095367432
pse,2020,1.0
pse,2022,0.9900000095367432
rou,1992,0.949999988079071
rou,2002,0.9800000190734864
rou,2011,0.9900000095367432
rou,2021,1.0
rus,2002,1.0
rus,2010,1.0
rus,2021,1.0
rwa,2012,0.699999988079071
rwa,2014,0.6899999976158142
rwa,2018,0.7699999809265137
rwa,2020,0.7900000214576721
rwa,2022,0.7900000214576721
sdn,2008,0.8100000023841858
sen,2002,0.2199999988079071
sen,2006,0.2700000107288361
sen,2009,0.2099999934434891
sen,2011,0.3899999856948853
sen,2013,0.3199999928474426
sen,2015,0.2599999904632568
sen,2016,0.2899999916553497
sen,2017,0.5600000023841858
sen,2018,0.3100000023841858
sen,2019,0.3300000131130219
sen,2023,0.3600000143051147
sle,2004,0.2099999934434891
sle,2015,0.4099999964237213
sle,2017,0.1899999976158142
sle,2019,0.25
slv,1992,0.6200000047683716
slv,2006,0.7400000095367432
slv,2007,0.7300000190734863
slv,2008,0.75
slv,2009,0.75
slv,2010,0.75
slv,2011,0.7699999809265137
slv,2013,0.8100000023841858
slv,2015,0.8299999833106995
slv,2016,0.8299999833106995
slv,2017,0.8399999737739563
slv,2018,0.8600000143051147
slv,2019,0.8700000047683716
slv,2020,0.8700000047683716
slv,2023,0.8999999761581421
slv,2024,0.8799999952316284
srb,2003,0.9800000190734864
srb,2011,0.9900000095367432
srb,2016,1.0
srb,2019,1.0
srb,2022,1.0
ssd,2008,0.4099999964237213
stp,2012,0.9300000071525574
stp,2019,1.029999971389771
sur,2012,0.8500000238418579
syr,2002,0.6899999976158142
syr,2004,0.699999988079071
syr,2021,0.959999978542328
tcd,2004,0.1400000005960464
tcd,2016,0.1800000071525574
tcd,2019,0.2700000107288361
tgo,2009,0.3799999952316284
tgo,2010,0.4099999964237213
tgo,2011,0.3899999856948853
tgo,2015,0.4300000071525574
tgo,2019,0.4300000071525574
tgo,2022,0.5099999904632568
tha,2000,0.949999988079071
tha,2005,0.949999988079071
tha,2010,0.9900000095367432
tha,2013,1.019999980926514
tha,2015,0.959999978542328
tha,2016,0.959999978542328
tha,2018,0.9399999976158142
tha,2019,0.949999988079071
tha,2022,0.949999988079071
tjk,2017,0.949999988079071
tjk,2023,0.9800000190734864
tkm,1995,1.0
tkm,2019,1.0
tls,2010,0.4300000071525574
tls,2016,0.5600000023841858
tls,2022,0.6399999856948853
ton,1996,1.0
ton,2006,1.009999990463257
ton,2011,1.0
ton,2016,1.059999942779541
ton,2019,1.019999980926514
ton,2023,1.0
tto,2022,0.949999988079071
tun,2007,0.5600000023841858
tun,2008,0.5600000023841858
tun,2014,0.6200000047683716
tun,2018,0.6800000071525574
tun,2019,1.0
tun,2021,0.75
tun,2023,0.7699999809265137
tur,1985,0.6700000166893005
tur,1990,0.699999988079071
tur,2004,0.8600000143051147
tur,2005,0.8700000047683716
tur,2006,0.8600000143051147
tur,2007,0.8600000143051147
tur,2009,0.8700000047683716
tur,2010,0.9100000262260436
tur,2011,0.9300000071525574
tur,2012,0.9399999976158142
tur,2013,0.949999988079071
tur,2014,0.949999988079071
tur,2015,0.949999988079071
tza,1988,0.5
tza,2002,0.6399999856948853
tza,2012,0.7099999785423279
tza,2015,0.7099999785423279
tza,2022,0.7099999785423279
uga,1991,0.4399999976158142
uga,2002,0.5899999737739563
uga,2006,0.6100000143051147
uga,2010,0.5899999737739563
uga,2012,0.6000000238418579
uga,2014,0.6100000143051147
uga,2016,0.6100000143051147
uga,2023,0.7599999904632568
ukr,2001,1.0
ury,1985,0.9700000286102296
ury,1996,0.9800000190734864
ury,2006,1.0
ury,2007,1.0
ury,2008,0.9900000095367432
ury,2009,1.009999990463257
ury,2010,0.9900000095367432
ury,2011,0.9900000095367432
ury,2012,0.9900000095367432
ury,2013,0.9900000095367432
ury,2014,1.0
ury,2015,0.9900000095367432
ury,2016,0.9900000095367432
ury,2017,1.0
ury,2018,1.0
ury,2019,1.0
ury,2022,1.0
ury,2024,1.0
uzb,2016,1.0
uzb,2018,1.0
uzb,2019,1.0
uzb,2021,1.0
uzb,2022,1.0
ven,1981,0.5600000023841858
ven,2011,0.8899999856948853
vnm,1999,0.9200000166893004
vnm,2009,0.9399999976158142
vnm,2019,0.949999988079071
vut,2023,0.8799999952316284
wsm,2011,0.9900000095367432
wsm,2016,1.0
wsm,2019,0.9800000190734864
yem,1994,0.1500000059604645
yem,2023,0.550000011920929
zaf,1996,0.699999988079071
zaf,2009,0.8799999952316284
zaf,2010,0.8799999952316284
zaf,2011,0.8799999952316284
zaf,2012,0.8899999856948853
zaf,2014,0.8999999761581421
zaf,2015,0.9100000262260436
zaf,2016,0.8999999761581421
zaf,2019,0.9399999976158142
zaf,2021,0.8899999856948853
zaf,2024,0.9100000262260436
zmb,1990,0.5600000023841858
zmb,2010,0.7099999785423279
zmb,2018,0.6000000238418579
zmb,2024,0.5799999833106995
zwe,2019,0.9200000166893004
