country,year,ner_01_cp
are,2023,24.81031240721802
are,2024,22.78137051320083
arg,1999,1.040310025215149
arg,2000,1.427700042724609
arg,2001,1.505589962005615
arg,2002,1.643440008163452
arg,2003,1.823559999465942
arg,2004,2.155740022659302
arg,2005,2.461260080337524
arg,2006,2.66336989402771
arg,2007,3.501699924468994
arg,2008,3.775719881057739
arg,2009,3.924690008163452
arg,2010,4.245078173560085
arg,2011,4.451428055768623
arg,2012,4.404482528473314
arg,2013,4.431147368411581
arg,2014,4.568675566761971
arg,2015,4.774030844491573
arg,2016,4.913755246458572
arg,2017,5.068872893087171
arg,2018,5.273076154516675
arg,2019,5.399310299831404
arg,2020,5.079528720319959
arg,2021,4.682664807870511
arg,2022,6.162644468295648
arg,2023,6.915900075245323
atg,2014,36.86476898193359
atg,2017,38.24074172973633
atg,2018,39.3524284362793
aus,2013,35.67324829101563
aus,2014,37.13240814208984
aus,2015,38.39945983886719
aus,2016,38.14896011352539
aus,2017,39.02558135986328
aus,2018,40.4977912902832
aus,2019,41.11904907226563
aus,2020,45.50141906738281
aus,2021,44.35036849975586
aus,2022,45.5196418762207
aus,2023,46.83089065551758
aus,2024,46.35105133056641
aut,2013,12.25969982147217
aut,2014,13.91547012329102
aut,2015,14.63805961608887
aut,2016,15.99530029296875
aut,2017,16.38043022155762
aut,2018,17.06878089904785
aut,2019,17.6541690826416
aut,2020,18.16707992553711
aut,2021,18.35751914978027
aut,2022,19.3514404296875
aut,2023,19.83016967773438
aut,2024,22.30356979370117
aze,2006,6.762609958648682
aze,2007,7.075940132141113
aze,2008,6.370540142059326
aze,2009,6.253779888153076
aze,2010,5.410748943425659
aze,2011,5.112615908576903
aze,2012,4.783309546867833
aze,2013,3.469181742021237
aze,2014,3.784225040095075
aze,2015,3.784861717612809
aze,2016,3.963853007731473
aze,2018,4.890629655377893
aze,2019,5.969318919999333
aze,2020,6.946282338952496
aze,2021,6.684574032153829
aze,2022,7.332664166094352
aze,2023,8.007720931411267
aze,2024,7.672935432854294
bhr,2000,3.311870098114014
bhr,2001,3.070650100708008
bhr,2003,3.267689943313599
bhr,2004,2.912659883499146
bhr,2005,2.816720008850098
bhr,2006,3.240119934082031
bhr,2008,2.691060066223145
bhr,2009,3.547990083694458
bhr,2010,3.457300275482093
bhr,2011,3.261353517364203
bhr,2012,3.944366564965229
bhr,2013,4.293974186830351
bhr,2014,4.953297480894424
bhr,2015,5.357698847986971
bhr,2016,5.605717689100655
bhr,2017,4.704043203297094
bhr,2018,4.744508776766841
bhr,2019,5.076046522578519
bhr,2020,4.038408151934289
bhr,2023,3.409610565402696
bhr,2024,3.143559471049468
blr,2010,56.48529397313312
blr,2011,55.87299195841729
blr,2012,60.45120382282668
blr,2013,56.2412627875758
blr,2014,57.81363570286378
blr,2015,56.5925710770913
blr,2016,56.45098961658658
blr,2017,57.22264491693352
blr,2018,56.27664890073284
blr,2019,59.39624099948748
blr,2020,64.59435668752842
blr,2021,66.09524623803009
blr,2022,70.4422330209956
blr,2023,72.48587985036309
blr,2024,73.16699385726047
bra,2013,22.27066040039063
bra,2014,23.72966957092285
bra,2015,24.91451072692871
bra,2016,26.04346084594727
bra,2017,27.71467971801758
bra,2018,29.37021064758301
bra,2019,30.92877006530762
bra,2020,30.1368293762207
bra,2021,28.54474067687988
bra,2022,33.93989181518555
bra,2024,38.41709136962891
can,2023,28.10062026977539
chl,2013,17.11433982849121
chl,2014,17.55570983886719
chl,2015,18.37644004821777
chl,2016,19.22357940673828
chl,2017,20.80094909667969
chl,2018,21.70175933837891
chl,2019,22.61607933044434
chl,2020,19.31566047668457
chl,2021,19.46048927307129
chl,2022,19.70100975036621
chl,2023,19.87788009643555
chl,2024,20.99999046325684
cri,2011,1.704599976539612
cri,2012,2.225430011749268
cri,2013,2.0660400390625
cri,2014,2.331540107727051
cri,2015,2.434540033340454
cri,2016,2.571439981460571
cri,2017,2.352770090103149
cri,2018,2.632129907608032
cri,2019,2.965120077133179
cri,2020,2.997210025787354
cri,2021,2.628619909286499
cri,2022,3.423710107803345
cri,2023,3.413280010223389
cri,2024,3.76515007019043
cub,1999,84.3553466796875
cub,2013,88.94082455455846
cub,2014,89.44594011925669
cub,2015,88.6393195788383
cub,2016,89.41883189347791
cub,2017,89.93843393595229
cub,2018,93.63506969204909
cub,2019,93.7832823163757
cub,2020,93.01171983106116
cub,2021,99.49184923766867
cub,2022,98.54476541693312
cub,2023,98.646336379762
cub,2024,94.36795776492072
cym,2013,39.66271080574641
cym,2018,38.19128171763175
cym,2019,40.72368421052632
cym,2020,5.378486055776892
cym,2021,36.80694722778891
cym,2022,42.60700389105058
cym,2023,42.09905660377358
cym,2024,37.67876787678767
cyp,2015,10.10457038879395
cyp,2016,10.32472038269043
cyp,2017,13.0013599395752
cyp,2018,13.91545009613037
cyp,2019,14.35501003265381
cyp,2020,14.14780044555664
cyp,2021,12.8971996307373
cyp,2022,14.72288990020752
cyp,2023,16.95277976989746
cyp,2024,17.40714073181152
deu,2013,33.48239135742188
deu,2014,36.56539154052734
deu,2015,37.19277954101563
deu,2016,37.31541061401367
deu,2017,37.18712997436523
deu,2018,37.65583038330078
deu,2019,38.51507949829102
deu,2020,39.15335845947266
deu,2021,38.59706878662109
deu,2022,39.64559936523438
deu,2023,41.90787887573242
deu,2024,43.0499382019043
dma,2015,5.535840034484863
dma,2019,3.694370031356812
dma,2020,0.0
dma,2021,8.023050308227539
dma,2022,6.53741979598999
dma,2023,5.304069995880127
dnk,2013,60.29520034790039
dnk,2014,60.1498908996582
dnk,2015,58.23931121826172
dnk,2016,56.51414108276367
dnk,2017,54.83821105957031
dnk,2018,55.96586990356445
dnk,2019,55.82181167602539
dnk,2020,55.2659912109375
dnk,2021,54.3071403503418
dnk,2022,53.80200958251953
dnk,2023,55.33866119384766
dnk,2024,55.77809143066406
esp,2013,31.89200973510742
esp,2014,32.9463005065918
esp,2015,34.1225700378418
esp,2016,34.98443984985352
esp,2017,36.61882019042969
esp,2018,38.40473175048828
esp,2019,39.88842010498047
esp,2020,41.29568099975586
esp,2021,35.97119903564453
esp,2022,42.00297164916992
esp,2023,45.91130828857422
esp,2024,47.95137023925781
fin,2013,41.00994110107422
fin,2014,40.85820007324219
fin,2015,41.06925964355469
fin,2016,44.92559051513672
fin,2017,45.66543960571289
fin,2018,48.7635498046875
fin,2019,51.51263046264648
fin,2020,54.02220153808594
fin,2021,55.0742301940918
fin,2022,54.33805847167969
fin,2023,58.12665939331055
fin,2024,61.23664093017578
gbr,2020,19.203369140625
gbr,2021,17.5013599395752
gbr,2022,19.3443603515625
gbr,2023,18.97813034057617
geo,2022,0.0
geo,2023,0.0
geo,2024,0.0
geo,2025,0.0
gha,2014,13.64040644773527
gha,2015,13.5151448673254
gha,2016,15.44922787917721
gha,2017,16.95590523952836
gha,2018,18.85608777787149
gha,2019,19.98764819420081
gha,2020,21.22760496063582
gha,2021,22.53884071161431
gha,2024,20.04603958129883
gib,2019,38.71763255240444
gib,2020,59.78260869565217
gib,2021,54.04761904761904
gib,2022,58.94736842105262
gib,2023,32.17097862767154
gib,2024,26.45788336933045
gmb,2013,0.4477823437721412
gmb,2014,0.6270109726920221
gmb,2015,0.5141456657253983
gmb,2016,0.5418771043771043
gmb,2017,0.6519334105995154
gmb,2018,0.7436564650560714
gmb,2019,1.28611815298037
gmb,2020,1.256079961515848
gmb,2021,1.003677906961079
gmb,2022,1.137149545140182
gmb,2023,0.9991203539590636
gmb,2024,1.095599471625787
gmb,2025,1.126244442451343
gnq,2015,1.87620997428894
grc,2013,10.18537044525146
grc,2016,10.72747993469238
grc,2017,12.26000022888184
grc,2019,16.65306091308594
grd,2016,25.23876953125
grd,2017,13.98332023620605
grd,2020,15.06256008148193
grd,2022,15.95468044281006
grd,2023,13.00813007354736
grd,2024,14.16767922235723
gtm,1998,0.0
gtm,2013,1.590605005594533
gtm,2014,1.457368633295788
gtm,2015,1.439702353670702
gtm,2016,1.353321993955373
gtm,2017,1.307956286675384
gtm,2018,1.17154138151807
gtm,2019,1.286830524278211
gtm,2020,1.260872935111173
gtm,2021,1.510759153596193
gtm,2022,2.298943229294667
gtm,2023,3.660341487479996
gtm,2024,4.776751347190146
hkg,2003,12.40534973144531
hkg,2004,12.34731006622314
hkg,2005,12.83292961120605
hrv,2013,16.66626930236816
hrv,2014,17.17860984802246
hrv,2015,17.71661949157715
hrv,2016,18.44659042358398
hrv,2017,19.74284934997559
hrv,2018,20.69043922424316
hrv,2019,21.96408081054688
hrv,2020,23.91250038146973
hrv,2021,25.30096054077148
hrv,2022,26.77420997619629
hrv,2023,27.83444976806641
hun,2015,4.695000171661377
hun,2016,5.013199806213379
hun,2017,5.228010177612305
hun,2018,5.368659973144531
hun,2019,5.054840087890625
hun,2020,4.919169902801514
hun,2021,4.362339973449707
hun,2022,4.259900093078613
hun,2023,18.48052978515625
hun,2024,22.47620010375977
idn,2013,5.828985221051542
idn,2014,6.087731354385228
idn,2016,18.0021053226967
idn,2017,19.04734636598514
idn,2018,19.4638500213623
idn,2020,5.906123698520729
idn,2021,5.977151790274394
idn,2022,6.411323770985707
idn,2023,6.869789062062239
idn,2024,7.664173902861513
idn,2025,7.608834659065408
irl,2017,7.718039989471436
irl,2018,26.42507934570313
irl,2019,24.94412040710449
irl,2020,18.4338493347168
irl,2021,2.251270055770874
irl,2022,15.78265953063965
isl,2013,43.7198600769043
isl,2014,43.56235885620117
isl,2015,46.55223846435547
isl,2016,46.76499938964844
isl,2017,48.24267959594727
isl,2018,48.04891967773438
isl,2019,47.9741096496582
isl,2020,48.66981887817383
isl,2021,48.83703994750977
isl,2022,49.12580871582031
isl,2023,50.57455062866211
isr,2013,31.74143028259277
isr,2014,33.36344146728516
isr,2015,28.62807083129883
isr,2016,57.18553924560547
isr,2017,57.06874847412109
isr,2018,58.48955154418945
isr,2019,58.04571151733398
isr,2020,56.9547004699707
isr,2021,51.50553131103516
isr,2022,56.45774841308594
isr,2023,58.35810852050781
isr,2024,59.65713882446289
jam,2021,6.21638011932373
jam,2023,10.85379981994629
jam,2024,16.16773986816406
kaz,2015,12.41903660143321
kaz,2016,12.57927919450456
kaz,2017,23.08541636237155
kaz,2018,22.62367748726286
kaz,2019,16.35025767042063
kaz,2020,26.93391952416255
kaz,2021,25.45891497882116
kaz,2022,29.00041937141541
kaz,2023,19.12392558084813
kaz,2024,21.09798448792566
kaz,2025,20.2916019563756
kgz,2024,0.0
khm,2006,0.0056699998676777
khm,2010,1.376629948616028
khm,2012,0.0
khm,2020,0.1393399983644485
kna,2001,64.02085876464844
kna,2004,50.64683151245117
kna,2011,69.41710662841797
kna,2013,11.70506954193115
kna,2014,84.17865253595761
kna,2015,87.72200772200772
kna,2016,75.98116169544741
kna,2017,98.6399356701634
kna,2018,96.62427771964148
kna,2019,96.37379154441824
kna,2020,98.47413364179836
kna,2021,89.26746166950596
kna,2022,81.40138408304497
kna,2023,97.5330062444246
kor,2013,52.29644012451172
kor,2014,52.62770843505859
kor,2015,52.44852066040039
kor,2016,53.03630065917969
kor,2017,57.00954055786133
kor,2018,62.40155029296875
kor,2019,64.75346374511719
kor,2020,63.32925033569336
kor,2021,64.13966369628906
kor,2022,65.11534881591797
kor,2023,68.94220733642578
kor,2024,70.58451843261719
lao,2011,1.354733613598666
lao,2012,1.36682635290517
lao,2013,1.613328906256651
lao,2014,2.001064282673478
lao,2015,2.271676386796534
lao,2016,2.588153333501205
lao,2018,2.956225127913587
lao,2019,3.065383753651102
lao,2020,3.306275740098694
lao,2021,3.313457009769707
lao,2022,2.371922433244798
lao,2023,3.169746998194938
lao,2024,3.559145081101106
lao,2025,3.743258983969541
lca,1998,0.0
lca,1999,0.0
lca,2000,0.0
lca,2001,0.0
lca,2002,0.0
lca,2003,0.0
lca,2004,0.0
lca,2008,0.0
lca,2009,0.0
lca,2010,0.0
lca,2011,0.0
lca,2012,7.590759075907591
lca,2013,7.332576617480137
lca,2014,8.761904761904763
lca,2015,8.185892899268696
lca,2016,8.586215008233356
lca,2017,8.254716981132075
lca,2018,7.470449172576831
lca,2019,6.720493944431251
lca,2020,7.975167144221586
lca,2022,20.78487968444824
lca,2023,33.34149169921875
ltu,2002,14.89519023895264
ltu,2013,21.04598999023438
ltu,2014,21.82115936279297
ltu,2015,22.8506908416748
ltu,2016,24.16247940063477
ltu,2017,25.83715057373047
ltu,2018,29.39723968505859
ltu,2019,31.20281028747559
ltu,2020,31.69486999511719
ltu,2021,32.74390029907227
ltu,2022,35.36341857910156
ltu,2023,36.80992889404297
ltu,2024,40.39654922485352
lva,2013,35.92124938964844
lva,2014,38.15871047973633
lva,2015,39.51070022583008
lva,2016,41.19622039794922
lva,2017,43.52555084228516
lva,2018,43.50529861450195
lva,2019,44.12723922729492
lva,2020,45.14651107788086
lva,2021,45.782470703125
lva,2022,49.23928833007813
lva,2023,49.95774078369141
lva,2024,54.28401947021484
mar,2013,0.2941412920876139
mar,2014,0.2749751660466294
mar,2015,0.2902310984784989
mar,2017,0.3908900797347247
mar,2018,0.3055246164607465
mar,2019,1.940184376161491
mar,2020,2.379751792015557
mar,2021,2.095496818429387
mar,2022,2.732495691441673
mar,2023,2.294522884551983
mar,2024,2.033396424017891
mda,2013,21.97353998317571
mda,2014,21.54368223237704
mda,2015,22.64069555840129
mda,2016,21.91256973729013
mda,2017,21.91633481439748
mda,2018,21.826968165477
mda,2019,23.01010984052678
mda,2020,26.28869205971644
mda,2021,17.43149773876031
mda,2022,24.15423854900988
mda,2023,28.56838393428012
mda,2024,32.96633089848159
mdv,2023,23.50888324873096
mdv,2024,4.284652852307438
mex,2013,2.456530094146729
mex,2014,2.621309995651245
mex,2015,2.476279973983765
mex,2016,2.468930006027222
mex,2017,2.382970094680786
mex,2018,2.392509937286377
mex,2019,2.508260011672974
mex,2020,2.86860990524292
mex,2021,2.223000049591064
mex,2022,2.231820106506348
mex,2023,2.994339942932129
mex,2024,3.214149951934814
mhl,2020,5.24048815506102
mhl,2021,5.960264900662252
mhl,2022,4.769001490312966
mhl,2023,10.27371578552681
mhl,2024,12.19885277246654
mkd,1999,7.308509826660156
mkd,2001,6.418779850006104
mkd,2002,6.458330154418945
mkd,2003,6.659460067749023
mkd,2004,7.43278980255127
mkd,2013,12.61631965637207
mkd,2014,13.82217979431152
mkd,2015,13.14696025848389
mkd,2017,16.01420021057129
mkd,2018,18.92728042602539
mkd,2019,19.44972038269043
mkd,2020,11.34274005889893
mkd,2021,16.74370956420898
mkd,2022,21.25385093688965
mkd,2023,25.13878059387207
mne,2012,0.0
mne,2015,27.24822998046875
mne,2016,26.68651008605957
mne,2017,31.99542999267578
mne,2018,35.38203811645508
mne,2019,36.59741973876953
mne,2020,41.22496032714844
mne,2021,37.8006591796875
mne,2023,49.57471084594727
mrt,2014,0.0
mrt,2015,0.0
msr,2015,44.75524475524475
msr,2016,53.57142857142857
msr,2018,67.123291015625
msr,2019,62.0
mus,2013,12.42724867724868
mus,2014,14.23116973273169
mus,2015,15.14439684952328
mus,2016,13.35262206148282
mus,2017,14.38102297998518
mus,2018,11.71496656161119
mus,2019,13.72966998263067
mus,2020,16.29405371836671
mus,2021,15.01464467396331
mus,2023,22.95528898582334
mus,2024,1.687924845337203
nam,2013,2.680750827019333
nam,2018,12.03109800738301
nam,2019,11.4535595174225
nam,2021,8.410865007022943
nam,2022,9.585129929134002
nam,2023,10.53975754010754
nam,2024,12.88073113587823
nga,2007,0.0
nga,2021,19.67011008697773
nga,2023,18.99695117698396
nic,2006,10.03458976745605
nic,2023,0.0
niu,2015,47.77777884569435
niu,2019,45.33333265781403
niu,2020,49.31506795962816
niu,2021,39.18918868413888
niu,2023,41.0958899663568
niu,2024,35.61643797084256
nor,2013,55.26631164550781
nor,2014,54.98226165771484
nor,2015,55.07675170898438
nor,2016,55.27188873291016
nor,2017,56.3018684387207
nor,2018,57.30364990234375
nor,2019,58.03633117675781
nor,2020,58.28176879882813
nor,2021,59.21788024902344
nor,2022,58.94121932983398
nor,2023,61.3890495300293
nor,2024,61.75812149047852
nzl,1998,0.0
nzl,1999,0.0
nzl,2014,41.11959075927734
nzl,2015,42.15444946289063
nzl,2016,42.90192031860352
nzl,2017,43.1351203918457
nzl,2018,42.15171051025391
nzl,2019,42.16109848022461
nzl,2020,38.98191070556641
nzl,2021,42.32363128662109
nzl,2022,40.54740905761719
nzl,2023,43.89662170410156
nzl,2024,43.76126861572266
pan,2013,0.8751897564517194
pan,2014,1.082587351062473
pan,2015,1.153636469839951
pan,2016,1.52379905889653
pan,2017,1.439750920190033
pan,2021,0.8876403365733936
pan,2022,1.250021416211215
pan,2023,0.51781608793789
pan,2024,0.9328699707984924
per,2013,3.482270002365112
per,2014,3.413409948348999
per,2015,5.278969764709473
per,2016,5.688889980316162
per,2017,5.814780235290527
per,2018,5.66963005065918
per,2019,5.657090187072754
per,2020,5.412740230560303
per,2021,5.347109794616699
per,2022,6.031189918518066
per,2023,6.184700012207031
per,2024,7.120100021362305
pri,2013,3.019330024719238
pri,2015,11.61172008514404
pri,2016,12.52682971954346
pri,2018,3.327239990234375
pri,2023,1.085819959640503
pri,2024,0.9935812890178491
pry,2012,0.8199234631910514
pry,2016,1.100586173555717
pry,2020,0.5321805185479491
pry,2021,0.4982606505495468
pry,2022,0.6242101214352437
pry,2023,0.701020468180214
pry,2024,0.8821292214074189
qat,2014,2.60159736903923
qat,2015,2.576440827100748
qat,2016,2.574479303981018
qat,2017,1.960547163193479
qat,2018,1.853857350800582
qat,2019,0.9469541208952592
qat,2020,2.150749345625536
qat,2021,2.166754617414248
qat,2022,2.218787826387688
qat,2023,2.493350028991699
qat,2024,5.375750064849854
rou,2015,2.771879911422729
rou,2016,2.775019884109497
rou,2017,2.914680004119873
rou,2018,3.000169992446899
rou,2019,3.271980047225952
rou,2020,3.409620046615601
rou,2021,2.377559900283813
rou,2022,3.427819967269897
rou,2023,4.354269981384277
rus,2008,27.48176002502441
rus,2009,27.52354049682617
rus,2011,26.66442822820134
rus,2012,27.91439493095946
rus,2013,27.59231206704941
rus,2014,25.98234899156247
rus,2015,27.24277665782549
rus,2016,27.84570685223628
rus,2017,28.26232257248252
rus,2018,28.60983701971415
rus,2019,30.57388856400013
rwa,2016,0.0
rwa,2017,0.2328699972929386
rwa,2018,0.2452207655206237
rwa,2019,0.2429749857252196
rwa,2021,0.1734493597721448
sgp,2018,52.17403862817969
sgp,2019,55.61351581045043
sgp,2020,56.20746143495134
sgp,2021,62.77545232938708
sgp,2022,67.87497906795772
sgp,2023,75.21086431024287
sle,2024,0.8832488177068425
slv,2009,0.3734000027179718
slv,2010,0.5922899842262268
slv,2011,0.6276000142097473
slv,2012,0.7290800213813782
slv,2013,1.000049948692322
slv,2014,1.357480049133301
slv,2015,2.097219944000244
slv,2016,1.867419958114624
slv,2017,5.094699859619141
slv,2018,6.489540100097656
slv,2019,4.76239013671875
slv,2020,5.378119945526123
slv,2021,5.29295015335083
slv,2022,5.74036979675293
slv,2023,10.33992958068848
slv,2024,8.876409530639648
smr,2018,37.31155778894472
smr,2019,39.24731182795698
smr,2020,41.86369958275382
smr,2021,38.16155988857939
smr,2022,39.57446808510638
smr,2023,42.31332357247437
smr,2024,44.34250764525994
srb,2013,23.91580009460449
srb,2014,24.17723083496094
srb,2015,28.57802963256836
srb,2016,33.33155059814453
srb,2017,34.44116973876953
srb,2018,37.63373947143555
srb,2019,39.29167175292969
srb,2020,42.2342414855957
srb,2021,39.64934921264648
srb,2022,43.03607177734375
srb,2024,48.99240112304688
stp,2003,5.972259998321533
stp,2004,5.858789920806885
stp,2005,0.0
svn,2002,29.76034927368164
svn,2013,55.48213958740234
svn,2014,54.12723922729492
svn,2015,56.13784027099609
svn,2016,57.58597946166992
svn,2017,61.04122924804688
svn,2018,63.57954025268555
svn,2019,65.5721206665039
svn,2020,67.44783020019531
svn,2021,66.9896011352539
svn,2022,69.47825622558594
svn,2023,71.14389038085938
swe,2013,69.18109893798828
swe,2014,68.8966064453125
swe,2015,67.53549194335938
swe,2016,67.4663314819336
swe,2017,68.00022888183594
swe,2018,68.54792022705078
swe,2019,70.10446166992188
swe,2020,70.55684661865234
swe,2021,70.4757308959961
swe,2022,70.60629272460938
swe,2023,71.04157257080078
swe,2024,72.67833709716797
sxm,2023,13.23529411764706
tca,1999,0.0
tha,2017,60.74531706352982
tha,2018,56.15184088137138
tha,2019,51.87153391431531
tha,2020,55.72941235440695
tha,2021,24.7381282242288
tha,2022,24.84888699083404
tha,2023,25.01964972662184
tha,2024,21.95606347435923
tha,2025,21.06114917048898
tkm,2024,18.609741370635
tur,2014,0.1263000071048737
tur,2015,0.0566500015556812
tur,2016,0.3111099898815155
tur,2017,0.2862400114536285
tur,2018,0.2172500044107437
tur,2019,0.2398499995470047
tur,2020,0.1920700073242188
tur,2021,0.2975800037384033
tur,2022,0.751230001449585
tur,2023,0.711080014705658
ukr,2015,20.95050231662003
ukr,2016,20.73240329400528
ukr,2017,22.27118760836366
ukr,2018,23.26928634062736
ukr,2019,24.37474285245585
ukr,2020,25.87633384830956
ukr,2021,23.76845160073627
ukr,2023,19.35141944885254
ukr,2024,24.64689064025879
ury,2011,32.81721009738487
ury,2012,33.91476327495234
ury,2013,34.85223885956407
ury,2014,37.73907769618992
ury,2015,39.28074750108648
ury,2016,40.47909762195476
ury,2017,40.31127610073443
ury,2018,41.44274054825605
ury,2019,41.44434729579803
ury,2020,37.46837683746247
ury,2021,40.9396867710763
ury,2022,42.26305105917868
ury,2023,40.88536415977777
ven,2008,21.97941970825195
ven,2009,17.63969993591309
ven,2010,25.26161956787109
ven,2011,19.8817195892334
ven,2012,20.3463191986084
ven,2013,23.99612045288086
ven,2014,23.89019012451172
ven,2015,23.51498985290527
ven,2016,23.4240608215332
ven,2017,23.14462089538574
ven,2022,27.94273948669434
ven,2023,28.48395919799805
ven,2024,28.23769950866699
vgb,2003,40.15370178222656
vgb,2004,39.00551986694336
vgb,2005,0.0
vgb,2006,50.73170852661133
vgb,2007,44.60562133789063
vgb,2009,48.25397109985352
vgb,2011,61.44689178466797
vgb,2014,57.93172690763052
vgb,2015,61.003861003861
vgb,2016,54.09836065573771
vgb,2017,67.85304247990815
vgb,2018,56.10047846889952
vgb,2019,50.10183299389001
vgb,2020,36.90078037904125
vgb,2021,36.13807982740022
vgb,2022,41.83142559833507
vgb,2023,47.30848861283644
vgb,2024,32.6219512195122
vnm,2019,15.98727989196777
vnm,2020,6.500470780128376
vnm,2021,6.054792026031627
vnm,2022,4.905005942684889
vnm,2023,7.221993854532468
vnm,2024,6.074394310249312
yem,2013,0.0
