country,year,cr_3_q1_m
afg,2011,5.296720027923584
afg,2015,18.65484046936035
afg,2022,11.34811973571777
ago,2015,2.360069990158081
ago,2023,1.043280005455017
alb,2009,19.31214904785156
alb,2017,26.7010498046875
arm,2011,81.52411651611328
aus,2010,80.13
aus,2014,70.49
aus,2016,76.7
aus,2018,83.96000000000001
aze,2006,70.01553344726562
aze,2023,75.81622314453125
bdi,2000,1.428570032119751
bdi,2010,0.0
bdi,2017,1.770380020141602
ben,2006,0.4693000018596649
ben,2011,1.319300055503845
ben,2014,1.606420040130615
ben,2018,0.99
ben,2021,5.836830139160156
bfa,2003,0.1189000010490417
bfa,2006,0.0
bfa,2010,0.4098699986934662
bfa,2019,2.42
bfa,2021,2.200150012969971
bgd,2004,0.0
bgd,2006,1.339509963989258
bgd,2007,0.8699999999999999
bgd,2011,0.7085400223731995
bgd,2013,4.65
bgd,2014,4.24940013885498
bgd,2019,15.91627979278564
bgd,2022,14.0015697479248
bih,2012,83.83551025390625
blr,2012,76.69915771484375
blr,2019,73.74095153808594
blz,2011,0.94
blz,2015,15.15937995910645
bol,2000,8.6
bol,2001,13.5
bol,2002,18.4
bol,2003,9.015230178833008
bol,2004,32.1
bol,2005,30.0
bol,2006,29.4
bol,2007,43.3
bol,2008,22.75303077697754
bol,2009,54.1
bol,2011,50.3
bol,2012,45.8
bol,2013,53.0
bol,2014,57.8
bol,2015,49.4
bol,2016,51.3
bol,2017,61.9
bol,2018,59.3
bol,2019,58.7
bol,2020,60.8
bol,2021,71.8
bra,2001,5.8
bra,2002,8.2
bra,2003,10.5
bra,2004,12.3
bra,2005,12.2
bra,2006,12.9
bra,2007,15.4
bra,2008,17.9
bra,2009,21.0
bra,2011,26.3
bra,2012,24.1
bra,2013,28.5
bra,2014,27.2
bra,2015,33.8
bra,2016,34.2
bra,2017,34.6
bra,2018,37.0
bra,2019,39.2
bra,2020,47.9
bra,2021,48.4
bra,2022,51.3
bra,2023,50.1
brb,2012,87.47496795654297
btn,2010,10.20145988464355
caf,2006,0.3165299892425537
caf,2010,0.0
can,2010,67.22
can,2015,82.85
can,2016,86.18
can,2017,93.58
chl,2000,34.9
chl,2003,45.7
chl,2006,57.1
chl,2009,65.0
chl,2011,62.4
chl,2013,67.4
chl,2015,73.8
chl,2017,75.7
chl,2020,76.8
chl,2022,85.2
chn,2010,25.97
chn,2012,53.16
chn,2014,59.0
chn,2016,46.31
civ,2006,1.159569978713989
civ,2012,1.364599943161011
civ,2016,3.971299886703491
civ,2021,3.089420080184937
cmr,2004,0.0
cmr,2006,0.0
cmr,2011,0.3557699918746948
cmr,2014,0.964489996433258
cmr,2018,2.575520038604736
cod,2007,3.335799932479858
cod,2010,5.721220016479492
cod,2013,10.13335037231445
cod,2018,9.710800170898438
cod,2023,15.3998498916626
cog,2005,4.879499912261963
cog,2012,1.239840030670166
cog,2015,0.421669989824295
col,2002,24.1
col,2003,25.0
col,2004,26.5
col,2005,16.59133911132813
col,2008,27.6
col,2009,30.7
col,2010,26.84255027770996
col,2011,36.5
col,2012,38.6
col,2013,41.3
col,2014,37.7
col,2015,35.10047912597656
col,2016,44.9
col,2017,47.5
col,2018,50.3
col,2019,45.1
col,2020,56.5
col,2021,54.3
col,2022,55.4
col,2023,53.0
com,2012,11.17105007171631
com,2022,20.70870971679688
cri,2000,10.9
cri,2001,17.61
cri,2002,10.9
cri,2003,11.9
cri,2004,15.4
cri,2005,16.4
cri,2006,16.9
cri,2007,14.1
cri,2008,13.0
cri,2009,20.7
cri,2010,23.4
cri,2011,9.465929985046388
cri,2012,24.3
cri,2013,23.5
cri,2014,29.4
cri,2015,24.3
cri,2016,26.4
cri,2017,27.7
cri,2018,21.54574966430664
cri,2019,35.2
cri,2020,31.5
cri,2021,46.5
cri,2022,52.3
cri,2023,56.4
cri,2024,64.18456268310547
dom,2000,19.8
dom,2001,12.9
dom,2002,21.6
dom,2003,16.3
dom,2004,26.5
dom,2005,23.4
dom,2006,29.0
dom,2007,10.96829032897949
dom,2008,20.0
dom,2009,23.2
dom,2010,23.2
dom,2011,33.7
dom,2012,28.2
dom,2013,19.15486907958984
dom,2014,21.09075927734375
dom,2015,33.6
dom,2016,31.0
dom,2017,32.1
dom,2018,36.8
dom,2019,21.66039085388184
dom,2020,48.7
dom,2021,43.7
dom,2022,38.9
dom,2023,41.9
dza,2013,11.83347988128662
dza,2019,17.28451919555664
ecu,2001,23.3
ecu,2003,25.1
ecu,2005,25.3
ecu,2006,25.5
ecu,2007,23.9
ecu,2008,29.5
ecu,2009,34.4
ecu,2010,33.9
ecu,2011,35.7
ecu,2012,43.4
ecu,2013,40.0
ecu,2014,43.6
ecu,2015,45.1
ecu,2016,58.2
ecu,2017,52.6
ecu,2018,55.0
ecu,2019,51.0
ecu,2020,47.5
ecu,2021,64.9
ecu,2022,64.1
ecu,2023,60.4
egy,2015,54.75
egy,2017,67.06
egy,2021,67.00666809082031
eth,2005,0.0257099997252226
eth,2011,0.9357100129127502
eth,2016,1.49943995475769
eth,2019,3.995699882507324
fji,2021,26.59423065185547
gab,2012,0.324999988079071
gab,2017,10.15
geo,2013,85.15
geo,2016,94.01
geo,2018,54.34753036499023
gha,2003,1.63
gha,2009,5.323929786682129
gha,2011,1.02
gha,2014,11.57056999206543
gha,2017,10.32466983795166
gha,2022,18.69679069519043
gin,2005,1.499840021133423
gin,2012,4.26708984375
gin,2016,2.105959892272949
gin,2018,1.301769971847534
gmb,2006,8.00629997253418
gmb,2010,8.187359809875488
gmb,2013,15.43642997741699
gmb,2018,9.996689796447754
gmb,2020,8.109550476074219
gnb,2014,3.891190052032471
gtm,2000,3.1
gtm,2006,2.4
gtm,2011,2.8
gtm,2014,13.0
gtm,2015,3.756930112838745
guy,2006,9.268030166625977
guy,2009,17.65251922607422
guy,2014,20.47907066345215
guy,2019,28.82152938842773
hnd,2001,2.6
hnd,2004,4.6
hnd,2005,1.6
hnd,2006,0.98
hnd,2009,5.3
hnd,2010,6.2
hnd,2011,6.154669761657715
hnd,2012,10.5
hnd,2013,10.6
hnd,2014,15.0
hnd,2015,10.6
hnd,2016,20.3
hnd,2018,10.2
hnd,2019,2.218729972839355
hnd,2023,17.9
hti,2005,0.4120399951934814
hti,2012,1.395290017127991
hti,2017,0.9656599760055542
idn,2003,9.81682014465332
idn,2008,14.39951038360596
idn,2012,23.48
idn,2017,30.84423065185547
ind,2005,19.94
ind,2006,4.453720092773438
ind,2011,28.16
ind,2016,18.04635047912598
ind,2019,23.62787055969238
irq,2011,6.386960029602051
irq,2018,14.55284976959229
jam,2011,64.47149658203125
jam,2022,69.38849639892578
jor,2007,28.70289993286133
jor,2012,26.29
jor,2013,48.94
jor,2017,20.16378974914551
jor,2023,23.82386016845703
kaz,2006,88.63121032714844
kaz,2011,84.56720733642578
kaz,2015,87.65292358398438
kaz,2024,93.0104522705078
ken,2003,11.22455978393555
ken,2008,10.94532012939453
ken,2014,16.60726928710938
ken,2022,25.26725006103516
kgz,2006,69.40828704833984
kgz,2012,87.40870666503906
kgz,2014,77.14012145996094
kgz,2018,69.27533721923828
kgz,2023,85.47279357910156
khm,2005,1.432500004768372
khm,2010,0.987909972667694
khm,2014,4.70851993560791
khm,2021,6.204209804534912
kir,2018,1.337790012359619
kor,2010,97.45
kor,2012,97.72
kor,2014,98.42
kor,2016,89.19
lao,2006,1.100409984588623
lao,2012,1.030869960784912
lao,2017,4.908599853515625
lao,2023,12.95967960357666
lbr,2007,0.0
lbr,2013,2.351109981536865
lbr,2019,4.085130214691162
lca,2012,62.24168014526367
lka,2006,6.613160133361816
lso,2005,0.9798799753189088
lso,2009,0.9088900089263916
lso,2014,0.0
lso,2018,1.396319985389709
lso,2024,3.981029987335205
mar,2004,4.403470039367676
mda,2005,19.63422012329102
mda,2012,23.29046058654785
mdg,2004,1.69
mdg,2009,0.0
mdg,2018,1.659549951553345
mdg,2021,0.0
mdv,2008,6.893239974975586
mdv,2017,14.22570991516113
mex,2000,8.1
mex,2002,6.0
mex,2004,13.1
mex,2006,17.6
mex,2008,18.6
mex,2010,23.6
mex,2012,27.7
mex,2014,34.2
mex,2015,38.18820190429688
mex,2016,32.8
mex,2018,38.7
mex,2020,43.3
mex,2022,42.8
mkd,2011,44.58333969116211
mkd,2018,62.7029914855957
mli,2006,0.1709599941968918
mli,2010,0.2
mli,2013,0.5781700015068054
mli,2015,1.9828200340271
mli,2018,6.574240207672119
mmr,2016,1.669720053672791
mne,2013,57.81525039672852
mne,2018,52.16556930541992
mng,2006,10.15441036224365
mng,2010,13.39
mng,2014,12.85111045837402
mng,2018,44.24148178100586
moz,2003,0.0
moz,2008,0.0
moz,2011,0.0
moz,2015,0.0
moz,2022,3.312190055847168
mrt,2007,2.678980112075806
mrt,2011,3.525520086288452
mrt,2015,4.478690147399902
mwi,2004,4.622819900512695
mwi,2010,3.03112006187439
mwi,2014,2.53
mwi,2015,3.482990026473999
mwi,2020,1.653159976005554
nam,2007,2.425820112228394
nam,2013,7.65201997756958
nam,2015,18.71
ner,2006,0.0
ner,2012,1.174600005149841
ner,2018,0.0
nga,2003,9.888529777526855
nga,2007,9.208860397338867
nga,2008,13.50588989257813
nga,2011,13.19003963470459
nga,2013,14.33839988708496
nga,2016,17.65632057189941
nga,2018,18.47946929931641
nga,2021,18.8911304473877
nic,2001,1.0
nic,2005,1.7
nic,2009,11.9
nic,2014,17.6
npl,2007,0.4644899964332581
npl,2011,3.54
npl,2014,5.07
npl,2016,12.34
npl,2019,9.94130039215088
npl,2021,17.25468063354492
pak,2007,3.425410032272339
pak,2012,5.786119937896729
pak,2018,2.404459953308105
pan,2000,15.0
pan,2001,13.7
pan,2002,10.9
pan,2003,16.1
pan,2004,10.6
pan,2005,12.3
pan,2006,16.9
pan,2007,17.7
pan,2008,25.5
pan,2009,16.1
pan,2011,18.5
pan,2013,13.2
pan,2014,19.7
pan,2015,22.2
pan,2016,27.9
pan,2017,33.8
pan,2018,38.6
pan,2019,26.7
pan,2021,48.1
pan,2022,44.4
pan,2023,42.6
per,2000,35.4
per,2001,36.0
per,2002,30.1
per,2003,22.8
per,2004,39.7
per,2005,41.7
per,2006,40.3
per,2007,45.6
per,2008,47.5
per,2009,46.7
per,2010,57.1
per,2011,55.4
per,2012,55.8
per,2013,59.0
per,2014,60.0
per,2015,59.2
per,2016,68.7
per,2017,72.4
per,2018,71.5
per,2019,79.1
per,2020,85.2
per,2021,76.5
per,2022,76.4
per,2023,83.7
phl,2004,14.08436012268066
phl,2008,18.21
phl,2013,23.23
phl,2017,34.57717132568359
phl,2022,32.22756958007813
png,2018,3.177089929580688
pry,2001,4.0
pry,2002,9.7
pry,2003,22.3
pry,2004,20.9
pry,2005,14.4
pry,2006,21.4
pry,2007,14.9
pry,2008,20.6
pry,2009,29.2
pry,2010,25.9
pry,2011,8.8
pry,2012,27.3
pry,2013,32.6
pry,2014,26.0
pry,2015,37.7
pry,2016,17.31357955932617
pry,2017,31.2
pry,2018,41.3
pry,2019,39.22919845581055
pry,2020,45.6
pry,2021,40.8
pry,2022,43.4
pry,2023,47.1
pry,2024,44.73263168334961
pse,2010,36.98
pse,2014,36.99692916870117
pse,2017,34.15000000000001
pse,2019,35.96672058105469
rus,2013,90.36
rus,2018,92.91
rus,2019,93.39
rus,2020,95.23
rus,2021,85.24000000000001
rus,2022,86.69
rwa,2010,1.990380048751831
rwa,2015,2.436759948730469
rwa,2020,2.252789974212646
sdn,2014,14.33600044250488
sen,2005,0.0
sen,2011,1.337849974632263
sen,2014,1.22
sen,2015,1.494910001754761
sen,2016,0.6120499968528748
sen,2017,3.725519895553589
sen,2018,2.34647011756897
sen,2019,3.45002007484436
sen,2023,4.583260059356689
sle,2008,0.0
sle,2010,0.77
sle,2013,2.432499885559082
sle,2017,2.168020009994507
sle,2019,6.047170162200928
slv,2000,9.7
slv,2001,10.7
slv,2002,16.8
slv,2003,10.5
slv,2004,14.2
slv,2005,13.0
slv,2006,16.4
slv,2007,15.2
slv,2009,16.5
slv,2010,21.7
slv,2012,22.9
slv,2013,25.2
slv,2014,26.5
slv,2015,28.9
slv,2016,23.2
slv,2017,28.9
slv,2018,28.0
slv,2019,36.7
slv,2020,42.0
slv,2021,30.9
slv,2022,43.1
slv,2023,40.6
som,2011,0.6799999999999999
srb,2011,19.39064025878906
srb,2014,44.1861686706543
srb,2019,63.12179183959961
ssd,2010,3.09672999382019
stp,2009,4.059989929199219
stp,2014,0.0
sur,2010,3.378000020980835
sur,2018,8.378580093383789
swz,2006,5.427480220794678
swz,2010,6.964179992675781
swz,2014,11.04502010345459
swz,2022,19.9119701385498
syr,2006,11.11061000823975
tcd,2004,0.0
tcd,2010,1.27
tcd,2014,1.536980032920837
tcd,2019,2.443020105361938
tgo,2006,2.960400104522705
tgo,2010,1.360129952430725
tgo,2014,1.719720005989075
tgo,2017,1.244060039520264
tha,2013,15.90742015838623
tha,2016,23.12981986999512
tha,2019,32.76869964599609
tha,2022,38.91835021972656
tjk,2006,48.47251129150391
tjk,2012,65.33158111572266
tjk,2023,87.69390106201172
tkm,2015,10.43494987487793
tls,2009,33.62538146972656
tls,2016,18.24270057678223
tto,2011,65.42999999999999
tto,2022,57.48527145385742
tun,2012,13.61034965515137
tun,2018,16.77327919006348
tun,2021,11.54290962219238
tun,2023,9.019889831542969
tur,2004,21.98871040344238
tur,2008,31.85
tur,2014,26.61304092407227
tur,2018,37.07
tur,2022,71.56
tza,2004,0.0
tza,2010,0.0
tza,2015,0.4237799942493439
tza,2022,0.5176500082015991
uga,2006,1.814409971237183
uga,2011,2.654129981994629
uga,2016,2.73747992515564
uga,2019,4.47
ukr,2007,69.87822723388672
ukr,2013,84.16253662109375
ury,2008,3.7
ury,2009,5.2
ury,2010,5.7
ury,2011,4.6
ury,2012,6.5
ury,2013,0.9106500148773192
ury,2014,5.4
ury,2015,6.8
ury,2016,6.9
ury,2017,10.1
ury,2018,10.1
ury,2019,13.3
ury,2021,16.4
ury,2022,18.5
ury,2023,22.4
usa,2013,83.67
usa,2016,86.56
usa,2017,83.08
usa,2018,86.87
usa,2019,87.39
usa,2020,87.98
uzb,2006,69.0315933227539
uzb,2022,92.23423767089844
ven,2000,19.4
ven,2001,21.4
ven,2002,22.0
ven,2003,22.7
ven,2004,24.6
ven,2005,35.1
ven,2006,39.9
ven,2007,39.7
ven,2008,40.4
ven,2009,46.5
ven,2010,43.4
ven,2011,51.2
ven,2012,46.2
ven,2013,51.7
ven,2014,53.5
vnm,2011,19.01108932495117
vnm,2014,16.16082000732422
vnm,2021,32.85108184814453
vut,2007,0.0
vut,2023,3.535279989242554
wsm,2019,26.33849906921387
yem,2006,21.4584903717041
yem,2013,16.69127082824707
yem,2023,22.48439979553223
zaf,2016,17.07755088806152
zmb,2001,1.723580002784729
zmb,2007,6.343850135803223
zmb,2013,3.093230009078979
zmb,2018,4.827000141143799
zmb,2024,5.391260147094727
zwe,2005,0.0
zwe,2010,0.0
zwe,2014,0.86
zwe,2015,0.7697700262069702
zwe,2019,1.127300024032593
