country,year,cr_3_urb_q5_f
afg,2011,23.17679977416992
afg,2015,37.14091110229492
afg,2022,45.82442092895508
ago,2015,46.2983283996582
ago,2023,52.28681182861328
alb,2009,90.37709045410156
alb,2017,93.5592803955078
arg,2000,91.7
arg,2001,90.3
arg,2002,94.3
arg,2003,95.8
arg,2004,95.0
arg,2005,93.4
arg,2006,98.3
arg,2007,92.2
arg,2008,90.6
arg,2009,91.7
arg,2010,93.9
arg,2011,92.3
arg,2012,95.2
arg,2013,92.6
arg,2014,90.1
arg,2016,96.5
arg,2017,96.9
arg,2018,97.7
arg,2019,96.8
arg,2020,97.5
arg,2021,90.6
arg,2022,93.5
arg,2023,92.4
arm,2011,98.84005737304688
arm,2018,89.9
aze,2006,90.13999938964844
aze,2023,94.61685943603516
bdi,2000,18.42104911804199
bdi,2010,23.00420951843262
bdi,2017,26.81341934204102
ben,2006,20.96278953552246
ben,2011,23.73969078063965
ben,2014,24.96330070495605
ben,2017,21.30269050598145
ben,2021,29.31757926940918
bfa,2003,15.22134971618652
bfa,2006,9.103099822998049
bfa,2010,8.895219802856445
bfa,2019,46.21
bfa,2021,27.51981925964355
bgd,2004,22.58
bgd,2006,34.39704895019531
bgd,2007,24.08
bgd,2011,29.01339912414551
bgd,2013,31.51
bgd,2014,39.09553909301758
bgd,2019,45.84548950195313
bgd,2022,58.95523071289063
bih,2012,97.25491333007812
blr,2012,99.1018524169922
blr,2019,88.88069152832031
blz,2011,54.64
blz,2015,77.897216796875
bol,2000,64.1
bol,2001,76.8
bol,2002,83.9
bol,2003,82.39373779296875
bol,2004,75.2
bol,2005,80.4
bol,2006,81.0
bol,2007,86.7
bol,2008,89.98002624511719
bol,2009,73.4
bol,2011,80.0
bol,2012,85.5
bol,2013,93.3
bol,2014,88.7
bol,2015,87.6
bol,2016,90.5
bol,2017,91.6
bol,2018,93.2
bol,2019,95.2
bol,2020,93.6
bol,2021,94.1
bra,2001,81.1
bra,2002,84.6
bra,2003,87.5
bra,2004,87.6
bra,2005,89.0
bra,2006,92.2
bra,2007,90.8
bra,2008,93.0
bra,2009,91.3
bra,2011,92.5
bra,2012,91.0
bra,2013,92.1
bra,2014,95.2
bra,2015,93.2
bra,2016,95.7
bra,2017,95.4
bra,2018,96.4
bra,2019,96.0
bra,2020,97.1
bra,2021,97.2
bra,2022,96.5
bra,2023,96.3
btn,2010,45.4180908203125
caf,2006,6.206160068511963
caf,2010,22.28898048400879
caf,2019,19.51730918884277
can,2015,92.21
can,2016,99.17
can,2017,98.99
chl,2000,90.7
chl,2003,96.2
chl,2006,96.3
chl,2009,94.3
chl,2011,98.4
chl,2013,97.6
chl,2015,97.3
chl,2017,96.1
chl,2020,96.3
chl,2022,99.4
chn,2010,72.64
chn,2012,79.78
chn,2014,88.36
chn,2016,77.5
civ,2006,15.23814964294434
civ,2012,29.96721076965332
civ,2016,37.79735946655273
civ,2021,31.1873893737793
cmr,2004,14.87895965576172
cmr,2006,25.65973091125488
cmr,2011,31.49295043945313
cmr,2014,37.6845588684082
cmr,2018,48.0366096496582
cod,2007,30.89204025268555
cod,2010,38.18426132202148
cod,2013,54.53134918212891
cod,2018,59.33462142944336
cod,2023,70.55606842041016
cog,2005,13.70944023132324
cog,2012,37.4569206237793
cog,2015,47.34403991699219
col,2002,81.4
col,2003,81.1
col,2004,86.8
col,2005,87.19454193115234
col,2008,90.8
col,2009,91.8
col,2010,93.1438217163086
col,2011,94.3
col,2012,94.0
col,2013,95.3
col,2014,95.6
col,2015,93.67135620117188
col,2016,94.7
col,2017,95.5
col,2018,97.5
col,2019,96.3
col,2020,96.1
col,2021,95.9
col,2022,97.5
col,2023,98.0
com,2012,68.22789001464844
com,2022,60.43373870849609
cri,2000,78.09
cri,2001,81.65
cri,2002,81.2
cri,2003,78.8
cri,2004,81.8
cri,2005,73.3
cri,2006,82.3
cri,2007,82.3
cri,2008,81.8
cri,2009,94.5
cri,2010,90.5
cri,2011,90.19725036621094
cri,2012,88.6
cri,2013,87.5
cri,2014,86.4
cri,2015,93.6
cri,2016,90.3
cri,2017,90.8
cri,2018,89.907958984375
cri,2019,95.0
cri,2020,96.1
cri,2021,99.6
cri,2022,98.3
cri,2023,98.8
cri,2024,97.01213073730467
dom,2000,77.1
dom,2001,73.3
dom,2002,78.1
dom,2003,81.3
dom,2004,78.6
dom,2005,80.8
dom,2006,78.8
dom,2007,82.760986328125
dom,2008,83.7
dom,2009,83.1
dom,2010,90.6
dom,2011,95.1
dom,2012,84.8
dom,2013,86.44835662841797
dom,2014,92.76487731933594
dom,2015,91.8
dom,2016,91.9
dom,2017,92.1
dom,2018,93.3
dom,2019,95.68482971191406
dom,2020,90.3
dom,2021,93.0
dom,2022,92.1
dom,2023,90.1
dza,2013,56.92193984985352
dza,2019,81.15657043457031
ecu,2001,73.0
ecu,2003,81.7
ecu,2005,89.2
ecu,2006,91.2
ecu,2007,84.8
ecu,2008,85.6
ecu,2009,93.8
ecu,2010,95.1
ecu,2011,95.4
ecu,2012,96.8
ecu,2013,93.2
ecu,2014,89.2
ecu,2015,92.8
ecu,2016,97.0
ecu,2017,94.1
ecu,2018,88.9
ecu,2019,97.0
ecu,2020,98.3
ecu,2021,96.8
ecu,2022,98.2
ecu,2023,96.9
egy,2015,95.45
egy,2017,97.09
egy,2021,90.58625030517578
eth,2005,33.93505096435547
eth,2011,32.43523025512695
eth,2016,37.80855178833008
eth,2019,23.65258979797363
fji,2021,88.73908233642578
gab,2012,36.30860900878906
geo,2018,95.65931701660156
gha,2003,11.52
gha,2009,59.43315887451172
gha,2011,37.26
gha,2014,62.95507049560547
gha,2017,72.6932601928711
gha,2022,87.595947265625
gin,2005,6.905630111694336
gin,2012,29.94551086425781
gin,2016,38.07379913330078
gin,2018,39.3572883605957
gmb,2006,38.50780868530273
gmb,2010,37.67197036743164
gmb,2013,47.892578125
gmb,2018,50.29653930664063
gmb,2020,47.5526008605957
gnb,2014,12.22253036499023
gtm,2000,64.2
gtm,2006,69.0
gtm,2011,52.34999999999999
gtm,2014,78.0
gtm,2015,62.11460113525391
guy,2006,73.90525817871094
guy,2009,77.02298736572266
guy,2014,96.49861145019533
guy,2019,85.03636169433594
hnd,2001,56.5
hnd,2004,61.1
hnd,2005,64.9
hnd,2006,65.35
hnd,2009,76.7
hnd,2010,72.8
hnd,2011,75.814697265625
hnd,2012,74.7
hnd,2013,82.6
hnd,2014,85.4
hnd,2015,81.9
hnd,2016,86.6
hnd,2018,77.7
hnd,2019,72.06339263916016
hnd,2023,83.4
hti,2005,31.61521911621094
hti,2012,24.63433074951172
hti,2017,38.87435150146484
idn,2003,76.98011016845703
idn,2008,74.89436340332031
idn,2012,80.36
idn,2017,91.23438262939452
ind,2005,56.27999999999999
ind,2006,60.24666976928711
ind,2011,72.09
ind,2016,75.60272979736328
ind,2019,80.15979766845703
irq,2011,42.31890106201172
irq,2018,60.70782089233398
jam,2011,98.76744079589844
jam,2022,98.6740493774414
jor,2007,80.28691864013672
jor,2012,77.74
jor,2013,90.17
jor,2017,83.62480163574219
jor,2023,93.60002899169922
kaz,2006,96.73076629638672
kaz,2011,94.5551528930664
kaz,2015,98.99006652832033
kaz,2024,99.19573974609376
ken,2003,41.06222915649414
ken,2008,58.16041946411133
ken,2014,66.33952331542969
ken,2022,79.5250473022461
kgz,2006,94.82209777832033
kgz,2012,94.53900146484376
kgz,2014,87.82913970947266
kgz,2018,93.82125091552734
kgz,2023,96.67192840576172
khm,2005,27.21916007995605
khm,2010,47.19358062744141
khm,2014,52.80192947387695
khm,2021,51.16247940063477
kir,2018,41.17647171020508
kor,2010,100.0
kor,2014,99.02
kor,2016,100.0
lao,2006,55.60218048095703
lao,2012,70.3011703491211
lao,2017,73.06736755371094
lao,2023,89.72998046875
lbr,2007,22.11770057678223
lbr,2013,28.05792999267578
lbr,2019,48.21567153930664
lka,2006,50.65232086181641
lso,2005,34.77482986450195
lso,2009,46.77117919921875
lso,2014,41.10887908935547
lso,2018,57.26522064208984
lso,2024,73.71961975097656
mar,2004,42.62221908569336
mda,2005,84.11599731445312
mda,2012,89.14328002929688
mdg,2004,40.62
mdg,2009,26.38838005065918
mdg,2018,46.17079162597656
mdg,2021,44.43294143676758
mdv,2008,28.32686996459961
mdv,2017,62.8651008605957
mex,2000,60.6
mex,2002,78.6
mex,2004,81.0
mex,2006,78.1
mex,2008,78.5
mex,2010,81.7
mex,2012,79.5
mex,2014,79.8
mex,2015,89.00955200195312
mex,2016,82.9
mex,2018,90.1
mex,2020,84.6
mex,2022,88.5
mkd,2011,100.0
mli,2006,7.663959980010986
mli,2010,19.57
mli,2013,20.7188606262207
mli,2015,42.73397827148438
mli,2018,26.40229034423828
mli,2024,25.24612045288086
mmr,2016,52.23487854003906
mne,2013,87.28711700439453
mng,2006,95.71494293212892
mng,2010,88.91
mng,2014,96.91922760009766
mng,2018,95.75052642822266
moz,2003,4.700610160827637
moz,2008,11.98106956481934
moz,2011,19.38405990600586
moz,2015,30.37
moz,2022,47.56306076049805
mrt,2007,14.29148006439209
mrt,2011,28.07106018066406
mrt,2015,25.28536987304688
mwi,2004,45.12994003295898
mwi,2010,40.31222152709961
mwi,2014,27.79
mwi,2015,43.53696823120117
mwi,2020,50.05448913574219
nam,2007,58.00204849243164
nam,2013,67.09455871582031
nam,2015,54.03
ner,2006,2.165319919586182
ner,2012,5.652520179748535
ner,2018,30.97
nga,2003,73.86820220947266
nga,2007,72.4977035522461
nga,2008,79.67095184326172
nga,2011,87.33793640136719
nga,2013,83.17249298095703
nga,2016,79.83200073242188
nga,2018,87.94579315185547
nga,2021,90.84615325927734
nic,2001,71.7
nic,2005,79.2
nic,2009,81.3
nic,2014,80.9
npl,2007,19.85696029663086
npl,2011,42.5
npl,2014,58.28
npl,2016,69.22
npl,2019,59.2952995300293
npl,2021,77.71910095214844
pak,2007,43.98125839233398
pak,2012,49.43167114257813
pak,2018,54.69018173217773
pan,2000,81.2
pan,2001,78.7
pan,2002,86.0
pan,2003,85.1
pan,2004,78.1
pan,2005,79.4
pan,2006,88.4
pan,2007,85.6
pan,2008,86.6
pan,2009,91.7
pan,2011,93.9
pan,2013,94.7
pan,2014,97.4
pan,2015,96.1
pan,2016,94.6
pan,2017,91.1
pan,2018,97.4
pan,2019,97.6
pan,2021,99.1
pan,2022,96.4
pan,2023,93.5
per,2000,89.9
per,2001,77.7
per,2002,75.3
per,2003,84.4
per,2004,86.6
per,2005,75.9
per,2006,83.6
per,2007,86.8
per,2008,88.2
per,2009,93.1
per,2010,92.7
per,2011,90.5
per,2012,93.2
per,2013,95.8
per,2014,96.4
per,2015,94.4
per,2016,97.6
per,2017,95.3
per,2018,97.7
per,2019,98.3
per,2020,98.4
per,2021,96.6
per,2022,96.2
per,2023,93.5
phl,2004,82.21248626708984
phl,2008,85.91
phl,2013,90.02
phl,2017,96.4388427734375
phl,2022,90.30744171142578
png,2018,35.48506927490234
pry,2001,68.4
pry,2002,66.9
pry,2003,76.2
pry,2004,63.3
pry,2005,73.2
pry,2006,87.1
pry,2007,75.0
pry,2008,79.1
pry,2009,88.6
pry,2010,73.0
pry,2011,93.8
pry,2012,89.2
pry,2013,86.0
pry,2014,85.0
pry,2015,86.5
pry,2016,91.85891723632812
pry,2017,85.7
pry,2018,91.8
pry,2019,95.219970703125
pry,2020,93.2
pry,2021,87.1
pry,2022,93.3
pry,2023,96.0
pry,2024,96.7311782836914
pse,2010,88.98
pse,2014,86.07718658447266
pse,2017,85.05
pse,2019,87.25393676757812
rwa,2010,30.64538955688477
rwa,2015,41.09743118286133
rwa,2020,50.36389923095703
sdn,2014,77.18904876708984
sen,2005,7.19251012802124
sen,2011,20.68508911132813
sen,2014,12.01
sen,2015,18.47228050231934
sen,2016,17.99443054199219
sen,2017,28.29656982421875
sen,2018,26.79637908935547
sen,2019,26.45752906799316
sen,2023,33.56864929199219
sle,2008,20.58437919616699
sle,2010,25.55
sle,2013,38.7769889831543
sle,2017,31.77845001220703
sle,2019,36.67533874511719
slv,2000,78.3
slv,2001,88.2
slv,2002,87.6
slv,2003,74.7
slv,2004,79.3
slv,2005,82.8
slv,2006,88.0
slv,2007,85.9
slv,2009,86.6
slv,2010,88.3
slv,2012,91.1
slv,2013,91.1
slv,2014,86.0
slv,2015,93.3
slv,2016,92.2
slv,2017,90.6
slv,2018,93.2
slv,2019,93.6
slv,2020,91.3
slv,2021,85.6
slv,2022,87.0
slv,2023,91.9
som,2011,13.51
srb,2011,89.81207275390625
srb,2014,95.02578735351564
srb,2019,96.60440063476564
ssd,2010,11.11126041412354
stp,2009,11.27886962890625
stp,2014,32.72369003295898
sur,2010,58.31412887573242
sur,2018,59.38848876953125
swz,2006,51.11946105957031
swz,2010,53.28757858276367
swz,2014,53.96102905273438
swz,2022,48.99654006958008
syr,2006,56.06618118286133
tcd,2004,10.40522003173828
tcd,2010,12.78
tcd,2014,20.12130928039551
tcd,2019,15.0438404083252
tgo,2006,15.40565013885498
tgo,2010,18.58490943908691
tgo,2014,24.17387962341309
tgo,2017,26.87236022949219
tha,2013,81.29712677001953
tha,2016,83.32630920410156
tha,2019,92.62957000732422
tha,2022,98.90725708007812
tjk,2006,70.1314468383789
tjk,2012,70.18144989013672
tjk,2023,79.8814468383789
tkm,2015,43.05099105834961
tls,2009,82.8735580444336
tls,2016,84.02953338623047
tto,2011,97.5
tto,2022,78.0732192993164
tun,2012,83.50515747070312
tun,2018,83.4490966796875
tun,2021,76.31305694580078
tun,2023,69.27101135253906
tur,2004,75.81366729736328
tur,2008,84.49
tur,2014,87.62503051757812
tur,2018,86.42
tza,2004,11.56995964050293
tza,2010,10.97492027282715
tza,2015,19.04643058776855
tza,2022,22.19935989379883
uga,2006,31.70321083068848
uga,2011,35.81443023681641
uga,2016,36.61074829101563
ukr,2007,94.70240783691406
ukr,2013,97.5141372680664
ury,2000,70.8
ury,2001,71.0
ury,2002,76.6
ury,2003,70.6
ury,2004,78.5
ury,2005,77.1
ury,2008,76.6
ury,2009,79.5
ury,2010,79.2
ury,2011,82.0
ury,2012,83.2
ury,2014,85.6
ury,2015,77.3
ury,2016,82.1
ury,2017,85.2
ury,2018,85.7
ury,2019,86.3
ury,2021,93.2
ury,2022,93.5
ury,2023,95.2
uzb,2006,80.56050109863281
uzb,2022,97.05094146728516
vnm,2011,87.96793365478516
vnm,2014,91.97171783447266
vnm,2021,96.50917816162108
vut,2007,20.63518905639648
vut,2023,62.74446105957031
wsm,2019,89.00035858154297
yem,2006,62.08961868286133
yem,2013,57.99697113037109
yem,2023,59.42042922973633
zaf,2016,84.60843658447266
zmb,2001,39.1868782043457
zmb,2007,51.10503005981445
zmb,2013,55.52899169921875
zmb,2018,60.51160049438477
zmb,2024,64.19625854492188
zwe,2005,10.02478981018066
zwe,2010,27.67634963989258
zwe,2014,24.94
zwe,2015,32.15003967285156
zwe,2019,29.37239074707031
