country,year,cr_2_urb_q2_gpia
afg,2015,0.4215399920940399
afg,2022,0.5557600259780884
ago,2015,0.8041700124740601
ago,2023,0.7227699756622314
alb,2017,0.9437599778175354
arm,2011,1.0
aze,2006,0.83992999792099
aze,2023,1.010120034217834
ben,2006,0.2275200039148331
ben,2011,0.1976699978113174
ben,2014,0.2798900008201599
ben,2017,0.2274200022220612
ben,2021,0.4556699991226196
bfa,2021,0.9027699828147888
bgd,2006,1.20999002456665
bgd,2011,0.954509973526001
bgd,2014,0.8047400116920471
bgd,2019,1.245970010757446
bgd,2022,1.256139993667603
blr,2012,1.0
blz,2015,1.067119956016541
bol,2003,0.9993799924850464
bol,2008,0.9994699954986572
caf,2006,0.2943499982357025
caf,2010,0.1643600016832352
civ,2006,0.1248399987816811
civ,2016,0.3280499875545502
civ,2021,0.7064800262451172
cmr,2004,0.2850100100040436
cmr,2018,1.094920039176941
cod,2010,0.7164099812507629
cod,2013,0.6897299885749817
cod,2018,0.4787999987602234
cod,2023,1.142189979553223
cog,2005,1.16700005531311
cog,2012,0.4924199879169464
cog,2015,0.7753300070762634
col,2005,1.183979988098145
col,2010,1.19717001914978
col,2015,1.191810011863708
com,2012,1.20930004119873
com,2022,1.118489980697632
cri,2011,1.383939981460571
cri,2018,1.296040058135986
cri,2024,1.055410027503967
dom,2007,1.157780051231384
dom,2013,1.111459970474243
dom,2014,1.23225998878479
dom,2019,1.123999953269958
dza,2013,1.348889946937561
dza,2019,1.214140057563782
egy,2005,1.127140045166016
egy,2009,1.013120055198669
egy,2014,1.224979996681213
egy,2021,1.06072998046875
fji,2021,1.068740010261536
gab,2012,1.165930032730103
gha,2009,0.6474699974060059
gha,2017,1.337669968605042
gha,2022,1.084249973297119
gmb,2006,0.9571999907493592
gmb,2010,0.5278900265693665
gmb,2013,1.182209968566895
gmb,2018,1.00846004486084
gmb,2020,1.104560017585754
gnb,2014,1.323740005493164
gtm,2015,0.9086999893188475
guy,2019,1.216249942779541
hnd,2011,1.32368004322052
hnd,2019,1.324380040168762
hti,2005,0.7284600138664246
hti,2017,0.8010900020599365
idn,2003,1.185080051422119
idn,2008,1.128900051116943
idn,2017,1.060639977455139
ind,2006,0.8236600160598755
ind,2016,1.063169956207275
ind,2019,1.085070013999939
irq,2011,1.096699953079224
irq,2018,1.197460055351257
jam,2011,0.9771000146865844
jam,2022,0.9612399935722352
jor,2007,1.08201003074646
jor,2017,1.148530006408691
jor,2023,1.059270024299622
kaz,2006,1.015349984169006
kaz,2011,1.072360038757324
kaz,2015,1.0
kaz,2024,0.98853999376297
ken,2014,1.254209995269775
ken,2022,1.082249999046326
kgz,2006,0.98989999294281
khm,2005,0.4790900051593781
khm,2010,1.575790047645569
khm,2021,1.567980051040649
lao,2012,0.949679970741272
lao,2017,0.8394100069999695
lao,2023,1.006049990653992
lbr,2007,1.193150043487549
lbr,2013,0.1606699973344803
lbr,2019,1.084550023078918
lso,2018,1.138399958610535
mar,2004,0.9466999769210817
mdg,2018,0.7100499868392944
mex,2015,0.9693899750709534
mli,2006,0.0
mne,2013,1.0
mng,2006,1.229730010032654
mng,2014,1.063480019569397
mng,2018,0.987209975719452
moz,2008,0.0
nam,2013,1.276640057563782
nga,2003,0.9270099997520448
nga,2007,1.349820017814636
nga,2008,0.2868399918079376
nga,2011,0.9516900181770324
nga,2013,0.8412299752235413
nga,2016,1.071419954299927
nga,2018,0.8758900165557861
nga,2021,0.8257200121879578
npl,2007,1.04393994808197
npl,2014,0.793720006942749
npl,2016,1.096850037574768
npl,2019,1.009960055351257
npl,2021,0.969760000705719
pak,2007,0.5421599745750427
pak,2012,0.7330899834632874
pak,2018,0.6500099897384644
phl,2004,1.383999943733215
phl,2017,0.9320399761199952
phl,2022,1.065019965171814
pry,2016,1.143769979476929
pry,2019,1.109500050544739
pry,2024,1.056620001792908
pse,2014,1.142079949378967
pse,2019,1.093899965286255
sdn,2014,1.258239984512329
sen,2005,0.3684000074863434
sen,2011,0.5344200134277344
sen,2015,0.5423399806022644
sen,2016,1.07712996006012
sen,2017,1.474869966506958
sen,2018,1.10385000705719
sen,2019,0.7256199717521667
sen,2023,1.315529942512512
stp,2014,1.013540029525757
stp,2019,1.172719955444336
sur,2010,1.335960030555725
sur,2018,1.39818000793457
syr,2006,1.127920031547546
tha,2013,1.117869973182678
tha,2016,1.290979981422424
tha,2019,1.079650044441223
tha,2022,1.007220029830933
tls,2009,1.25543999671936
tls,2016,0.9412199854850768
tto,2022,1.039129972457886
tun,2012,1.076490044593811
tun,2018,1.224499940872192
tun,2021,1.140190005302429
tun,2023,1.333500027656555
tur,2004,0.7683600187301636
tur,2014,0.9530900120735168
ukr,2007,0.9922099709510804
ukr,2013,0.9976099729537964
ury,2013,1.544059991836548
uzb,2006,1.004469990730286
uzb,2022,1.002310037612915
vnm,2011,1.12637996673584
vnm,2014,1.030089974403381
vnm,2021,1.157150030136108
yem,2013,0.2797099947929382
zaf,2016,1.180320024490356
zmb,2013,0.6106500029563904
zmb,2024,1.193310022354126
