country,year,rofst_1_m_cp
afg,1974,54.15401840209961
afg,1993,53.77228927612305
ago,1982,45.35890960693359
ago,1983,48.01768112182617
ago,1998,48.00936126708984
ago,2008,5.268770217895508
ago,2009,6.487889766693115
ago,2010,4.533840179443359
ago,2011,2.011579990386963
ago,2023,36.59204839326849
aia,2002,1.521440029144287
aia,2005,3.08122992515564
alb,2003,0.1080200001597404
alb,2004,3.133249998092651
alb,2008,7.022069931030273
alb,2009,5.529990196228027
alb,2010,6.490615414680567
alb,2011,4.640750863060989
alb,2012,3.032268983414194
alb,2013,2.925632865193144
alb,2020,1.907299995422363
alb,2021,4.464825152855314
alb,2022,5.908577247382865
alb,2023,7.918500241650345
and,2014,9.175800323486328
and,2015,8.485589981079102
and,2016,6.907889842987061
and,2017,6.677589893341064
and,2018,5.293389797210693
and,2019,5.256619930267334
and,2020,7.811840057373047
and,2021,6.372759819030762
and,2022,5.864329814910889
and,2024,1.908750057220459
are,2005,1.559489965438843
are,2006,7.240330219268799
are,2018,0.6732957713221259
are,2019,0.2285155993862537
are,2020,0.0004051535531967
are,2021,0.2323167416341259
are,2022,0.9759399890899658
are,2023,0.2327418291130504
arg,1970,6.160399913787842
arg,1974,2.887310028076172
arg,1975,3.302279949188232
arg,1991,4.834400177001953
arm,2002,6.094560146331787
arm,2003,4.720349788665771
arm,2005,5.145100116729736
arm,2006,2.640089988708496
arm,2011,3.283489942550659
arm,2012,3.791249990463257
arm,2013,4.393539905548096
arm,2014,6.73183012008667
arm,2015,5.766870021820068
arm,2016,5.985738556148453
arm,2017,5.674825174825174
arm,2018,6.508646697860811
arm,2019,7.641768050930016
arm,2020,8.061250028440764
arm,2021,5.904294137407764
arm,2022,3.751297562372481
arm,2023,2.048844056180318
atg,2013,5.416666666666667
atg,2014,0.981889591970325
aus,2000,4.97199010848999
aus,2001,0.8350800275802612
aus,2003,1.720790028572083
aus,2004,1.45441997051239
aus,2005,0.8842499852180481
aus,2006,0.7474600076675415
aus,2011,3.041990041732788
aus,2012,2.678950071334839
aus,2018,0.2682400047779083
aus,2019,0.3141199946403503
aus,2020,0.6955299973487854
aus,2021,0.491019994020462
aus,2022,0.3979899883270264
aus,2023,0.3085199892520905
aut,2000,1.912569999694824
aut,2001,1.658779978752136
aut,2002,1.893700003623962
aut,2003,2.011689901351929
aut,2004,1.734200000762939
aut,2005,1.788439989089966
aut,2006,1.715780019760132
aut,2007,1.281730055809021
aut,2008,1.279919981956482
aut,2009,1.448750019073486
aut,2010,1.211060047149658
aut,2011,2.121040105819702
aut,2012,1.78931999206543
aut,2013,1.279469966888428
aut,2014,1.120409965515137
aut,2015,1.290570020675659
aut,2016,1.921450018882751
aut,2017,1.157150030136108
aut,2018,1.120790004730225
aut,2019,1.072309970855713
aut,2020,1.067870020866394
aut,2021,0.8186699748039246
aut,2022,1.583729982376099
aut,2023,1.432669997215271
aze,2000,8.17549991607666
aze,2001,10.56278038024902
aze,2002,10.69439029693604
aze,2003,10.896559715271
aze,2004,10.86888980865479
aze,2005,10.55305004119873
aze,2006,9.917400360107422
aze,2007,12.77931022644043
aze,2008,12.94054985046387
aze,2009,11.19758033752441
aze,2010,12.11740378924602
aze,2011,9.456241980106956
aze,2012,6.795488856668809
aze,2013,0.0699898609282547
aze,2017,2.725055130715956
aze,2018,3.723453908984831
aze,2019,9.691035805987417
aze,2020,9.354859672866697
aze,2021,7.639479122547193
aze,2022,3.745765152160691
aze,2023,1.147823210106481
aze,2024,0.0234109411528075
bdi,1973,76.62413787841797
bdi,1978,81.01860809326172
bdi,1980,79.87757110595703
bdi,1981,78.15241241455078
bdi,1982,74.2400131225586
bdi,1983,68.05948638916016
bdi,1984,63.48249816894531
bdi,1985,59.37910842895508
bdi,1986,57.18019104003906
bdi,1987,52.71424102783203
bdi,1988,50.98566055297852
bdi,1993,50.88928985595703
bdi,2000,53.9203987121582
bdi,2001,44.13771820068359
bdi,2002,43.04505920410156
bdi,2003,40.02822113037109
bdi,2004,40.15604019165039
bdi,2005,36.82817077636719
bdi,2006,20.83883094787598
bdi,2007,13.67883014678955
bdi,2008,6.50738000869751
bdi,2009,10.07413005828857
bdi,2010,6.925575741232655
bdi,2011,6.719581710879022
bdi,2012,7.861518165924227
bdi,2013,11.76989390945828
bdi,2014,10.66798566251986
bdi,2015,12.65925138470516
bdi,2016,14.22762052800317
bdi,2017,18.24095761786532
bdi,2018,20.73229339770095
bdi,2019,22.39151936194115
bdi,2020,21.91325220286182
bel,2000,1.829620003700256
bel,2004,0.683899998664856
bel,2005,0.6781299710273743
bel,2006,0.8202999830245972
bel,2007,0.9844800233840942
bel,2008,1.115309953689575
bel,2009,1.24370002746582
bel,2010,1.299700021743774
bel,2011,2.101380109786987
bel,2012,1.867519974708557
bel,2013,1.777559995651245
bel,2014,1.791429996490479
bel,2015,1.822550058364868
bel,2016,1.901929974555969
bel,2017,1.385239958763123
bel,2018,1.348690032958984
bel,2019,1.35319995880127
bel,2020,1.217640042304993
bel,2021,1.466330051422119
bel,2022,1.200029969215393
bel,2023,1.635089993476868
ben,1984,37.91318893432617
ben,1985,36.95304107666016
ben,1986,39.78210830688477
ben,1988,40.7819709777832
ben,1989,40.54059982299805
ben,1990,52.40634918212891
ben,1992,40.44766998291016
ben,1993,35.97198867797852
ben,1994,35.80852890014648
ben,1995,33.48794937133789
ben,1996,31.78273963928223
ben,1997,28.6895809173584
ben,2006,11.80475997924805
ben,2008,9.449540138244627
ben,2009,4.190680027008057
ben,2010,3.236030101776123
ben,2011,2.223010063171387
ben,2017,4.28311014175415
ben,2018,7.356430053710938
ben,2019,11.58961009979248
ben,2020,12.3515100479126
ben,2021,9.255539894104004
ben,2022,6.849689960479736
bfa,1971,86.93987274169922
bfa,1972,86.59771728515625
bfa,1977,84.03386688232422
bfa,1978,83.41252136230469
bfa,1979,82.82996368408203
bfa,1980,81.99848937988281
bfa,1981,80.78858947753906
bfa,1982,78.9771728515625
bfa,1983,77.69239044189453
bfa,1984,75.91885375976562
bfa,1985,73.43341064453125
bfa,1986,71.32079315185547
bfa,1987,69.37933349609375
bfa,1988,69.03157806396484
bfa,1989,68.9941635131836
bfa,1991,68.4296875
bfa,1992,67.9990005493164
bfa,1993,67.03267669677734
bfa,1994,65.6991195678711
bfa,1995,63.92641830444336
bfa,1998,60.82215881347656
bfa,1999,60.34366989135742
bfa,2000,59.07495880126953
bfa,2001,58.07440948486328
bfa,2002,59.40227890014648
bfa,2003,56.95003128051758
bfa,2004,55.01119995117188
bfa,2005,50.12778854370117
bfa,2006,46.70304870605469
bfa,2007,41.54225158691406
bfa,2008,36.02276992797852
bfa,2009,33.62543869018555
bfa,2010,38.42480378684218
bfa,2011,34.2506470080778
bfa,2012,33.75879189077369
bfa,2013,33.25068808164037
bfa,2014,32.30073539428803
bfa,2015,31.13743158928645
bfa,2016,25.99423658771455
bfa,2017,25.34658669322908
bfa,2018,23.42774033967625
bfa,2019,25.10340858549747
bfa,2020,28.30774086943818
bfa,2021,29.12002651206851
bfa,2022,32.54762910841249
bfa,2023,42.53228034487898
bfa,2024,34.84588040176511
bgd,1970,35.46839141845703
bgd,1973,11.21061992645264
bgd,1976,3.410799980163574
bgd,1977,14.40715980529785
bgd,1978,16.78240013122559
bgd,1981,28.39789009094238
bgd,1983,28.4168701171875
bgd,1984,33.06127166748047
bgd,1985,34.15676116943359
bgd,1986,34.78516006469727
bgd,1987,35.3720817565918
bgd,1988,28.65200996398926
bgd,1989,29.00968933105469
bgd,1990,27.40572929382324
bgd,2005,8.946999549865723
bgd,2006,10.0826997756958
bgd,2008,13.80764961242676
bgd,2009,16.20465087890625
bgd,2010,13.98843002319336
bgd,2017,5.798994824845557
bgd,2018,4.289017483897558
bgr,2000,0.6169499754905701
bgr,2001,0.9649800062179564
bgr,2009,1.204190015792847
bgr,2010,0.9395599961280824
bgr,2011,1.701580047607422
bgr,2012,2.608829975128174
bgr,2013,3.918570041656494
bgr,2014,3.821520090103149
bgr,2015,3.458300113677979
bgr,2016,3.725800037384033
bgr,2017,3.926909923553467
bgr,2018,4.285610198974609
bgr,2019,4.211870193481445
bgr,2020,4.247459888458252
bgr,2021,5.042029857635498
bgr,2022,5.344500064849854
bgr,2023,5.879489898681641
bhr,1971,27.40022087097168
bhr,1972,28.44103050231934
bhr,1973,29.43642044067383
bhr,1974,26.2632999420166
bhr,1975,20.6182804107666
bhr,1976,19.7088794708252
bhr,1977,15.84370994567871
bhr,1978,16.28797912597656
bhr,1979,16.25267028808594
bhr,1980,17.171630859375
bhr,1981,21.19422912597656
bhr,1982,23.25750923156738
bhr,1983,21.92737007141113
bhr,1984,19.86462020874023
bhr,1985,16.53871917724609
bhr,1986,10.81004047393799
bhr,1987,11.84379959106445
bhr,1988,8.058919906616211
bhr,1989,7.741730213165283
bhr,1991,11.0593204498291
bhr,1992,16.27786064147949
bhr,1993,15.46586990356445
bhr,1994,15.51887989044189
bhr,1995,14.04189968109131
bhr,1996,12.98013019561768
bhr,1997,12.64367961883545
bhr,1998,9.516759872436523
bhr,1999,7.367609977722168
bhr,2000,9.87551975250244
bhr,2001,9.14109992980957
bhr,2002,9.809889793395996
bhr,2003,11.49676990509033
bhr,2004,10.49057006835938
bhr,2005,9.86592960357666
bhr,2006,4.82082986831665
bhr,2011,7.097957045573598
bhr,2012,0.9853035940715488
bhr,2015,2.062307229025605
bhr,2016,2.149517938991623
bhr,2017,2.314146207275978
bhr,2018,3.232251998119417
bhr,2019,3.403835075302444
bhr,2022,3.59695527437356
bhr,2023,7.31387135087829
bhr,2024,5.415515475118741
bhs,1976,8.446869850158691
bhs,1977,8.433110237121582
bhs,1980,6.741899967193604
bhs,1993,0.984059989452362
bhs,1999,13.75319957733154
bhs,2004,13.13733959197998
bhs,2005,9.476699829101564
bhs,2006,10.5350399017334
bhs,2007,6.772570133209229
bhs,2008,5.126279830932617
bhs,2009,8.949939727783203
bhs,2010,8.121857792674168
bhs,2012,4.468034065011395
bhs,2023,28.99946850916822
bhs,2024,15.4982559332467
bih,2009,14.56838035583496
bih,2010,11.46749973297119
bih,2011,11.01095962524414
bih,2012,12.20331001281738
bih,2013,11.96164989471436
bih,2014,10.78779983520508
bih,2015,8.919500350952148
bih,2016,5.620639801025391
bih,2017,2.823980093002319
bih,2020,2.749799966812134
bih,2021,2.769259929656982
bih,2022,2.326819896697998
bih,2023,3.032480001449585
blr,1995,12.13325023651123
blr,2013,0.65264052472734
blr,2014,0.9513764150549312
blr,2015,1.53927681724307
blr,2016,1.781899626398652
blr,2017,2.098051419978284
blr,2018,2.895454079106428
blr,2019,3.692380056444026
blr,2020,4.20173449649642
blr,2021,4.41961975663089
blr,2022,3.589336367766785
blr,2023,4.570181425821403
blr,2024,3.563358468530225
blz,1999,3.216449975967407
blz,2000,3.129790067672729
blz,2001,3.39326000213623
blz,2008,0.9876199960708618
blz,2009,1.572999954223633
blz,2010,1.950286806883365
blz,2011,1.213870379016171
blz,2021,4.682525645560665
blz,2022,8.556638246041413
blz,2023,12.58385677049951
blz,2024,11.10362257792755
bmu,1978,17.54874992370605
bmu,1979,18.78173065185547
bmu,2012,4.692480087280273
bol,2009,1.633610010147095
bol,2010,4.480318544451092
bol,2011,7.01270173681455
bol,2012,9.765600683617514
bol,2013,10.32037534266624
bol,2014,10.75687781075324
bol,2015,10.7741331514043
bol,2016,10.15358931552588
bol,2017,8.681082597422797
bol,2018,7.086567197311719
bol,2019,5.991096041498163
bol,2020,5.231191494439804
bol,2021,4.369880185406524
bol,2022,3.614660296650186
bol,2023,4.372484373067908
bra,2012,6.284090042114258
bra,2013,3.835469961166382
bra,2014,3.649280071258545
bra,2015,4.437749862670898
bra,2016,4.359370231628418
bra,2017,4.764939785003662
bra,2018,5.27538013458252
bra,2019,4.310870170593262
bra,2020,3.696000099182129
bra,2021,4.820099830627441
bra,2022,4.252989768981934
brb,1971,11.42827033996582
brb,1972,9.404040336608888
brb,1973,11.12185955047607
brb,1976,11.96041965484619
brb,1977,8.563960075378418
brb,1978,5.171150207519531
brb,1979,3.618499994277954
brb,1989,1.445629954338074
brb,1990,2.868949890136719
brb,1992,8.579859733581543
brb,2005,2.504970073699951
brb,2006,1.122390031814575
brb,2007,2.299350023269653
brb,2008,2.013129949569702
brb,2009,3.799099922180176
brb,2010,1.837725381414702
brb,2011,0.9428143448762004
brb,2014,5.015702108568865
brb,2015,4.571582539967666
brb,2016,4.354897000361403
brb,2017,6.511881008525304
brb,2018,6.300868770004572
brb,2019,5.809826265645433
brb,2020,7.231125699942073
brb,2021,8.789909341742215
brb,2022,11.69491525423729
brb,2023,14.03561726531844
brb,2024,17.82749544442195
brn,1977,11.76206970214844
brn,1978,9.515020370483398
brn,1979,17.84041023254395
brn,1980,16.36529922485352
brn,1981,19.76457977294922
brn,1982,20.95169067382813
brn,1983,18.93968963623047
brn,1984,17.76955032348633
brn,1986,14.54238033294678
brn,1991,7.83827018737793
brn,1992,8.528440475463867
brn,1993,7.491529941558838
brn,1994,8.118539810180664
btn,1978,69.48065948486328
btn,1979,66.4601821899414
btn,1998,40.97208023071289
btn,1999,40.44971084594727
btn,2000,38.73171997070313
btn,2001,36.99349975585938
btn,2005,30.3251895904541
btn,2006,25.99444961547852
btn,2008,20.42536926269531
btn,2009,15.83990001678467
btn,2010,13.75032043457031
btn,2011,12.78341960906982
btn,2012,10.98534965515137
btn,2013,12.0946798324585
btn,2015,13.79918956756592
btn,2016,14.34920978546143
btn,2017,14.59547996520996
btn,2018,12.69974994659424
btn,2020,9.690529823303224
btn,2021,19.99304350342723
btn,2022,14.60758649380431
btn,2023,15.75693348430017
btn,2024,14.0771212749757
bwa,1970,54.01205062866211
bwa,1971,56.62923812866211
bwa,1972,55.48931884765625
bwa,1973,52.44649124145508
bwa,1974,48.08248901367188
bwa,1975,41.82833099365234
bwa,1976,37.41865921020508
bwa,1977,33.15140151977539
bwa,1978,32.09399032592773
bwa,1979,30.74595069885254
bwa,1980,26.74859046936035
bwa,1981,21.62118911743164
bwa,1983,17.25229072570801
bwa,1984,16.5051097869873
bwa,1985,13.86660957336426
bwa,1986,12.48237037658691
bwa,1987,12.35552024841309
bwa,1988,12.62442970275879
bwa,1989,11.96669006347656
bwa,1990,13.14688968658447
bwa,1991,10.99059963226318
bwa,1992,11.55974960327148
bwa,1993,12.2229700088501
bwa,1994,12.63424968719482
bwa,1995,21.9573802947998
bwa,1996,21.49865913391113
bwa,1998,18.78428077697754
bwa,1999,19.18548011779785
bwa,2000,18.1451301574707
bwa,2001,16.33235931396484
bwa,2002,15.5902795791626
bwa,2003,14.95734977722168
bwa,2004,11.8508996963501
bwa,2005,12.23206996917725
bwa,2006,10.37952995300293
bwa,2007,11.36073017120361
bwa,2008,12.00918960571289
bwa,2009,11.8284797668457
bwa,2012,9.999683414062748
bwa,2013,11.43328488461232
bwa,2014,12.42843069942386
caf,1971,46.1782112121582
caf,1972,43.61199188232422
caf,1973,41.99174880981445
caf,1977,47.47198867797852
caf,1978,46.66215896606445
caf,1981,38.06229019165039
caf,1982,33.4886589050293
caf,1983,27.30180931091309
caf,1986,25.00285911560059
caf,1987,36.51594161987305
caf,1988,39.71915817260742
caf,1989,40.36582183837891
caf,1990,30.64690017700195
caf,1991,37.45066070556641
caf,2005,51.25883102416992
caf,2006,50.8572883605957
caf,2007,42.44318008422852
caf,2008,33.88174819946289
caf,2009,33.4517707824707
caf,2010,30.0719108581543
caf,2011,33.3126106262207
caf,2012,31.50106048583984
can,2000,0.6524800062179565
can,2012,0.7109599709510803
can,2013,0.6370400190353394
can,2014,0.4102199971675873
can,2016,0.8326900005340576
can,2017,0.8615800142288208
can,2018,1.075000047683716
can,2019,2.747440099716187
can,2020,3.138370037078857
can,2021,4.903329849243164
can,2022,5.409120082855225
can,2023,5.138589859008789
che,2015,0.0401900000870228
che,2016,0.0963499993085861
che,2017,0.1335700005292892
che,2018,0.1645299941301346
che,2019,0.143439993262291
che,2020,0.1694499999284744
che,2021,0.2970199882984161
che,2022,0.29585000872612
chl,2007,2.905459880828857
chl,2008,2.682250022888184
chl,2009,4.497620105743408
chl,2010,3.155770063400269
chl,2011,3.31712007522583
chl,2012,3.159970045089722
chl,2013,3.131119966506958
chl,2014,2.701639890670776
chl,2015,2.435650110244751
chl,2016,2.231930017471313
chl,2017,2.035530090332031
chl,2018,1.613630056381226
chl,2019,1.258800029754639
chl,2020,1.731240034103394
chl,2021,1.608940005302429
chl,2022,0.620140016078949
chl,2023,0.4597800076007843
chn,1989,1.26462996006012
chn,1990,4.900559902191162
chn,1991,5.921470165252686
chn,1992,7.366569995880127
chn,1993,8.016050338745117
chn,1994,8.495530128479004
chn,1995,7.862659931182861
chn,1996,7.46343994140625
chn,1997,6.72150993347168
civ,1977,42.79581069946289
civ,1996,44.84967041015625
civ,1997,43.97676086425781
civ,1999,42.7305908203125
civ,2000,43.0837287902832
civ,2001,39.62519073486328
civ,2002,38.64611053466797
civ,2003,45.35134887695313
civ,2009,46.62448883056641
civ,2013,33.42387950410154
civ,2014,27.42611533743333
civ,2015,24.83027083959685
civ,2016,18.0347031531105
civ,2017,18.79351828514313
civ,2018,15.4980232450515
civ,2019,15.14018055931027
civ,2020,13.78790114815549
civ,2021,15.93560827162842
civ,2022,15.59499062171005
civ,2023,12.372482650601
civ,2024,12.01291179751061
cmr,1971,27.60198020935059
cmr,1972,29.31891059875488
cmr,1973,30.8148193359375
cmr,1974,34.03414154052734
cmr,1975,26.67581939697266
cmr,1976,25.98405075073242
cmr,1977,27.93663024902344
cmr,1978,26.59604072570801
cmr,1979,26.13455963134766
cmr,1980,26.26448059082031
cmr,1988,19.68684005737305
cmr,1990,20.10569953918457
cmr,1991,21.96356010437012
cmr,2011,2.301049947738647
cmr,2017,1.215010046958923
cmr,2019,2.699709892272949
cod,1971,15.35715007781982
cod,1972,18.25991058349609
cod,1975,18.29486083984375
cod,1979,15.33794021606445
cod,1983,14.79246044158936
cod,1984,14.73563003540039
cod,1988,29.90303993225098
cod,1991,34.42295074462891
cod,1992,36.60158157348633
cod,1993,37.72705841064453
cod,1994,35.43946075439453
cod,1995,23.6696891784668
cod,1999,64.38674926757812
cog,1972,16.96479988098145
cog,1974,11.07950973510742
cog,1976,10.42134952545166
cog,1978,7.486589908599854
cog,1979,6.854529857635498
cog,1980,15.23958015441895
cog,1981,15.51916027069092
cog,1982,14.3727502822876
cog,1983,13.56655025482178
cog,1984,11.22745037078857
cog,2005,54.14011001586914
cog,2006,43.11027908325195
cog,2010,12.18490028381348
cog,2012,15.3250904083252
cog,2018,20.51379013061523
cog,2023,17.23670959472656
cok,1998,1.660380005836487
cok,1999,4.253670215606689
cok,2000,10.59389972686768
cok,2013,3.183318040969425
cok,2014,1.967210624205725
cok,2015,0.2183431695364319
col,2000,1.490810036659241
col,2001,4.034780025482178
col,2002,4.257959842681885
col,2004,0.2111700028181076
col,2012,1.697720050811768
col,2015,3.778179883956909
col,2016,5.820990085601807
col,2017,4.583049774169922
col,2018,5.161970138549805
col,2019,5.577390193939209
col,2020,6.668469905853271
col,2021,7.376430034637451
col,2022,7.837699890136719
com,1987,26.74946975708008
com,1994,31.11961936950684
com,1999,41.26435089111328
com,2000,34.36801147460938
com,2007,24.34081077575684
com,2013,2.831434392213084
com,2014,5.330746489283075
com,2017,9.249379863400048
com,2018,12.61866756279929
com,2021,24.71654592118514
com,2024,20.76716848834811
cpv,1981,19.08503913879395
cpv,1982,22.10098075866699
cpv,1983,25.7916202545166
cpv,1984,22.01279067993164
cpv,1985,19.65274047851563
cpv,1986,18.6275806427002
cpv,1987,17.52338981628418
cpv,1988,12.92168045043945
cpv,1990,9.377799987792969
cpv,1994,6.525539875030518
cpv,1998,3.964230060577393
cpv,2000,5.126490116119385
cpv,2001,5.869750022888184
cpv,2002,5.57066011428833
cpv,2003,5.102459907531738
cpv,2004,6.92848014831543
cpv,2005,6.251820087432861
cpv,2006,6.324009895324707
cpv,2007,7.900100231170654
cpv,2008,8.674220085144043
cpv,2009,9.017239570617676
cpv,2010,9.234540192546218
cpv,2011,8.623725109276348
cpv,2012,6.678896800472622
cpv,2013,6.782438778404615
cpv,2014,6.43065415821501
cpv,2015,6.317465371756089
cpv,2016,6.337667328508294
cpv,2017,6.221435468297392
cpv,2018,4.828367875647668
cpv,2019,5.235227087742145
cpv,2020,6.886198231128226
cpv,2021,6.384988761116721
cpv,2022,32.96836187736959
cri,2011,2.540620088577271
cri,2012,4.20628023147583
cri,2013,6.288310050964355
cri,2014,8.720709800720215
cri,2015,8.14186954498291
cri,2016,7.656219959259033
cri,2017,9.731300354003906
cri,2018,6.342820167541504
cri,2019,4.443830013275146
cri,2020,5.028450012207031
cri,2021,5.856070041656494
cri,2022,5.491260051727295
cri,2023,4.506889820098877
cub,1972,6.47353982925415
cub,1973,3.35233998298645
cub,1974,2.515769958496094
cub,1979,3.58663010597229
cub,1980,3.208869934082031
cub,1981,4.616650104522705
cub,1982,3.913100004196167
cub,1983,2.215980052947998
cub,1984,3.370280027389526
cub,1985,4.680439949035645
cub,1986,4.941259860992432
cub,1987,4.045209884643555
cub,1988,3.633500099182129
cub,1989,4.450170040130615
cub,1990,5.640039920806885
cub,1991,5.681650161743164
cub,1992,4.727839946746826
cub,1993,5.241250038146973
cub,1994,4.673379898071289
cub,1995,4.908989906311035
cub,1996,1.890390038490295
cub,1997,1.156790018081665
cub,2003,0.0127800004556775
cub,2005,0.3298699855804443
cub,2006,1.272629976272583
cub,2007,0.1141000017523766
cub,2008,1.217069983482361
cub,2009,0.7740600109100342
cub,2010,0.9331773036877008
cub,2011,1.629404628769642
cub,2012,1.312447599214203
cub,2014,1.655691191026064
cub,2015,1.825389957380525
cub,2016,1.719644366168294
cub,2017,1.82041880817538
cub,2018,1.540771621436495
cub,2019,1.396614044465143
cub,2020,0.9476541376190452
cub,2021,1.190336409630192
cub,2022,3.63326368749853
cub,2023,3.596402004551937
cub,2024,5.064438972342962
cuw,2023,3.651226158038147
cym,2002,0.7733500003814697
cym,2004,2.745330095291138
cym,2005,9.369580268859863
cym,2006,4.091929912567139
cym,2008,4.204850196838379
cym,2011,0.8533333333333334
cym,2013,1.467611336032389
cym,2018,5.653266331658291
cym,2019,5.351170568561873
cym,2020,3.606279168434451
cym,2021,4.91090830073881
cym,2022,2.595688517377915
cym,2024,6.27763041556145
cyp,2000,2.244980096817017
cyp,2001,2.237750053405762
cyp,2002,1.283349990844727
cyp,2003,1.081030011177063
cyp,2004,1.176620006561279
cyp,2005,1.017070055007935
cyp,2006,0.3003399968147278
cyp,2007,0.4652700126171112
cyp,2012,1.297490000724792
cyp,2013,2.019439935684204
cyp,2014,2.670759916305542
cyp,2015,1.532039999961853
cyp,2016,1.895429968833923
cyp,2017,1.505169987678528
cyp,2018,0.3422499895095825
cze,2009,0.595579981803894
cze,2010,1.127550005912781
cze,2011,1.479730010032654
cze,2012,0.5882099866867065
cze,2013,1.273530006408691
cze,2014,1.845690011978149
cze,2015,2.244420051574707
cze,2016,2.57768988609314
cze,2017,3.012209892272949
cze,2018,2.168129920959473
cze,2019,1.958529949188232
cze,2020,1.609969973564148
cze,2023,0.8205199837684631
deu,2002,2.457870006561279
deu,2003,2.415930032730103
deu,2004,2.002779960632324
deu,2005,1.770709991455078
deu,2006,2.115070104598999
deu,2007,1.736269950866699
deu,2008,1.545500040054321
deu,2009,1.658959984779358
deu,2010,1.052610039710999
deu,2011,0.6851599812507629
deu,2012,1.000929951667786
deu,2013,0.9933599829673768
deu,2014,1.334540009498596
deu,2015,0.9862499833106996
deu,2016,2.01476001739502
deu,2017,1.348989963531494
deu,2018,1.13561999797821
deu,2019,1.201470017433167
deu,2020,1.424039959907532
deu,2021,1.745990037918091
deu,2022,2.288599967956543
dma,1975,6.314060211181641
dma,1976,6.914549827575684
dma,1977,6.135280132293701
dma,1979,13.22356986999512
dma,1980,12.83613967895508
dma,1981,18.52201080322266
dma,1982,11.12205028533936
dma,2006,1.641999959945679
dma,2007,5.348110198974609
dma,2008,6.035560131072998
dma,2009,2.0418701171875
dma,2014,3.042649984359741
dma,2016,2.660320043563843
dma,2019,3.898200035095215
dma,2020,1.329010009765625
dma,2021,1.490560054779053
dma,2022,0.978410005569458
dma,2023,1.958760023117065
dnk,2000,0.2505100071430206
dnk,2001,0.2527799904346466
dnk,2004,3.07817006111145
dnk,2005,2.018100023269653
dnk,2006,1.192399978637695
dnk,2007,0.6249300241470337
dnk,2008,0.7275800108909607
dnk,2009,0.5803899765014648
dnk,2010,0.6972000002861023
dnk,2011,0.5860999822616577
dnk,2012,0.4775899946689606
dnk,2013,0.5533499717712402
dnk,2014,0.8278999924659729
dnk,2015,0.7946900129318237
dnk,2016,0.715719997882843
dnk,2017,0.6196399927139282
dnk,2018,0.427619993686676
dnk,2019,0.4291999936103821
dnk,2020,0.4139499962329865
dnk,2021,0.5164600014686584
dnk,2022,0.6274899840354919
dnk,2023,0.920610010623932
dom,2000,13.1731595993042
dom,2002,3.691519975662231
dom,2003,6.78577995300293
dom,2004,15.33722972869873
dom,2005,14.11081981658936
dom,2006,15.71687030792236
dom,2007,8.911239624023438
dom,2008,12.50516033172607
dom,2010,1.962273476112026
dom,2011,3.121133526091876
dom,2012,4.41872794749447
dom,2013,4.9842235500433
dom,2014,6.933235940109869
dom,2015,3.46526564734538
dom,2016,3.769931778325173
dom,2017,4.822521005559175
dom,2018,5.76765769351274
dom,2019,4.202456225474645
dom,2020,4.208239705467414
dom,2021,10.90627209458826
dom,2022,6.09787351824578
dom,2023,5.066480319667316
dom,2024,5.042324135917996
dza,1973,20.15070915222168
dza,1974,13.95446014404297
dza,1975,9.774760246276855
dza,1976,10.71805953979492
dza,1977,14.29957008361816
dza,1978,14.1298999786377
dza,1979,14.6400203704834
dza,1980,13.66784000396729
dza,1981,13.52799034118652
dza,1982,13.78796005249023
dza,1983,13.78285026550293
dza,1984,11.19019985198975
dza,1985,9.635740280151367
dza,1986,7.631070137023926
dza,1987,5.666609764099121
dza,1988,4.149199962615967
dza,1989,3.544379949569702
dza,1990,4.269169807434082
dza,1991,3.858350038528442
dza,1992,3.958369970321655
dza,1993,6.185979843139648
dza,1994,7.075170040130615
dza,1995,7.23084020614624
dza,1996,8.088820457458496
dza,1997,8.841919898986816
dza,1999,6.327439785003662
dza,2000,5.35237979888916
dza,2001,3.035500049591064
dza,2002,1.699519991874695
dza,2006,1.016209959983826
dza,2007,1.63358998298645
dza,2008,1.05305004119873
dza,2017,0.1197965235325173
dza,2018,0.5481730088880649
dza,2019,1.648579265783267
dza,2021,1.016242115508696
dza,2022,2.67736112250759
ecu,2000,6.867909908294678
ecu,2001,5.75314998626709
ecu,2002,4.347119808197021
ecu,2003,4.030749797821045
ecu,2005,4.373089790344238
ecu,2006,2.981940031051636
ecu,2007,1.674620032310486
ecu,2008,3.819449901580811
ecu,2012,2.942168722801134
ecu,2013,2.996874242887612
ecu,2015,3.701580550242171
ecu,2016,3.898524118820287
ecu,2017,3.727827133718674
ecu,2021,3.020117158911956
ecu,2023,6.21452672056476
egy,1971,21.73370933532715
egy,1972,21.0466194152832
egy,1973,20.98406982421875
egy,1978,21.23185920715332
egy,1994,11.42098045349121
egy,1997,9.965149879455566
egy,1999,14.5172004699707
egy,2000,13.85264015197754
egy,2001,14.12502002716064
egy,2002,14.0616397857666
egy,2003,13.54617023468018
egy,2004,13.36104965209961
egy,2012,12.71640014648438
egy,2014,13.28336178955646
egy,2016,10.8336924293488
egy,2017,10.21054354737248
egy,2018,8.185720229200625
egy,2019,6.238829511753788
egy,2020,4.636190944585952
egy,2021,3.310435712582358
egy,2023,4.472894190509855
egy,2024,3.548922671275788
eri,1992,57.81568145751953
eri,1994,52.05733108520508
eri,1995,50.62928009033203
eri,1996,49.0873908996582
eri,1997,49.54674911499023
eri,1999,40.25978851318359
eri,2000,31.97141075134277
eri,2001,29.42503929138184
eri,2002,22.24024963378906
eri,2003,16.33340072631836
eri,2004,16.1518497467041
eri,2005,16.66839981079102
eri,2006,20.65666961669922
eri,2007,28.52465057373047
eri,2008,33.23067092895508
eri,2009,36.4258918762207
eri,2010,38.28223037719727
eri,2011,32.54169082641602
eri,2012,28.28903961181641
eri,2013,29.12066078186035
eri,2014,28.86234092712402
eri,2015,30.40757942199707
eri,2017,35.93983840942383
eri,2018,35.84481048583984
eri,2022,37.32579040527344
esp,2008,0.4682199954986572
esp,2009,0.9754599928855896
esp,2010,1.933150053024292
esp,2011,2.110860109329224
esp,2012,2.418299913406372
esp,2013,2.77357006072998
esp,2014,3.036370038986206
esp,2015,3.260560035705566
esp,2016,3.164969921112061
esp,2017,2.973949909210205
esp,2018,2.659579992294312
esp,2019,2.207730054855347
esp,2020,1.951310038566589
esp,2021,1.947810053825378
esp,2022,1.884850025177002
esp,2023,1.25094997882843
est,2014,2.475169897079468
est,2015,2.5416100025177
est,2016,2.521889925003052
est,2017,2.429110050201416
est,2018,2.444789886474609
est,2019,2.348299980163574
est,2020,2.249279975891113
est,2021,2.181040048599243
est,2022,1.86037003993988
est,2023,2.434819936752319
eth,1987,65.14395904541016
eth,1988,64.62590789794922
eth,1989,66.78253936767578
eth,1994,76.22528076171875
eth,1995,72.36270904541016
eth,1996,67.17440032958984
eth,1998,60.28030014038086
eth,1999,59.09508895874023
eth,2000,56.29362106323242
eth,2001,53.18207168579102
eth,2002,51.80627822875977
eth,2003,51.57587814331055
eth,2004,49.68875122070313
eth,2005,39.71770095825195
eth,2006,35.41653060913086
eth,2007,29.90090942382813
eth,2008,24.00181007385254
eth,2009,24.82846069335938
eth,2010,26.64367904908892
eth,2011,22.96657943725586
eth,2012,22.13029979566318
eth,2014,16.89345276485162
eth,2015,17.76947889169759
eth,2021,22.77923965454102
eth,2022,21.93086941900119
eth,2023,21.32933470569939
eth,2024,19.92012219817474
fin,2000,0.5283300280570984
fin,2001,1.084849953651428
fin,2002,1.044620037078857
fin,2003,0.9316200017929076
fin,2004,0.8871600031852722
fin,2005,0.9854400157928468
fin,2006,1.235200047492981
fin,2007,1.200819969177246
fin,2008,1.102020025253296
fin,2009,1.217319965362549
fin,2010,1.17739999294281
fin,2011,1.035339951515198
fin,2012,1.254150032997131
fin,2013,1.391350030899048
fin,2014,1.409770011901855
fin,2015,1.636700034141541
fin,2016,1.660060048103333
fin,2017,1.929159998893738
fin,2018,1.962630033493042
fin,2019,2.532099962234497
fin,2020,2.144589900970459
fin,2021,1.336349964141846
fin,2022,1.926570057868958
fin,2023,1.547680020332336
fji,1992,8.045849800109863
fji,1994,7.573609828948975
fji,1995,9.472999572753906
fji,1996,10.65767955780029
fji,1997,9.481570243835447
fji,1998,8.356280326843262
fji,1999,8.066929817199707
fji,2000,5.962790012359619
fji,2001,4.413380146026611
fji,2002,5.497879981994629
fji,2003,8.528200149536133
fji,2004,5.166989803314209
fji,2006,8.759099960327148
fji,2007,10.80994987487793
fji,2008,12.04736042022705
fji,2009,11.5695104598999
fji,2011,10.73948001861572
fji,2012,9.659919738769531
fji,2013,10.76742294133598
fji,2014,7.156118751915209
fji,2015,3.737155219037318
fji,2016,0.8229900002479553
fra,2000,3.662529945373535
fra,2001,3.769619941711426
fra,2002,3.865859985351563
fra,2003,4.095719814300537
fra,2004,4.173409938812256
fra,2008,0.5464500188827515
fra,2009,0.9651299715042114
fra,2010,1.231920003890991
fra,2011,0.4157199859619141
fra,2012,0.7110400199890137
fra,2013,0.8438799977302551
fra,2014,1.541100025177002
fra,2015,0.5895799994468689
fra,2016,0.3024199903011322
fsm,2014,10.39387035369873
fsm,2015,15.58016014099121
fsm,2016,8.670201115995031
fsm,2017,11.25998031989973
fsm,2018,10.14179718312879
fsm,2019,11.91335707498688
fsm,2020,19.89075451126
fsm,2021,20.21559943471255
fsm,2022,21.02941448319509
fsm,2023,24.95284341056843
fsm,2024,24.40049061056893
gab,1975,4.254419803619385
gab,1997,13.65764999389648
gab,2019,28.80116634473776
gbr,2004,0.6383399963378906
gbr,2005,0.100380003452301
gbr,2006,1.320289969444275
gbr,2007,2.583149909973145
gbr,2008,0.2818799912929535
gbr,2009,0.668470025062561
gbr,2010,0.4869700074195862
gbr,2011,1.013260006904602
gbr,2012,1.924219965934753
gbr,2013,1.906059980392456
gbr,2014,1.698079943656921
gbr,2015,1.531350016593933
gbr,2016,1.36286997795105
gbr,2017,0.8466100096702576
gbr,2018,0.3760400116443634
geo,1995,15.42273044586182
geo,1996,14.35542011260986
geo,1997,9.790889739990234
geo,2021,0.1089139638241683
geo,2022,3.082321808663637
geo,2023,4.6970716835133
geo,2024,6.429745851641106
gha,1999,40.91741180419922
gha,2000,32.88516998291016
gha,2001,38.40428161621094
gha,2002,34.21136856079102
gha,2003,34.53261184692383
gha,2005,28.09605026245117
gha,2006,26.54120063781738
gha,2007,21.11277008056641
gha,2008,16.00995063781738
gha,2009,16.36009979248047
gha,2011,10.48437023162842
gha,2012,11.44068721418592
gha,2014,8.84051732905911
gha,2017,6.418320899211604
gha,2018,7.562510786205793
gha,2019,4.973011034421643
gha,2020,10.531542678486
gha,2021,17.77458953857422
gib,1978,27.18549919128418
gib,1979,27.62313079833984
gib,1981,26.41711044311523
gib,1982,24.06815910339355
gin,1984,67.72383117675781
gin,1985,63.42092132568359
gin,1986,66.16533660888672
gin,1987,68.28260040283203
gin,1988,66.96685791015625
gin,1989,66.9869613647461
gin,1990,67.73092651367188
gin,1991,65.76995086669922
gin,1998,50.35857009887695
gin,1999,48.74626159667969
gin,2000,47.08942031860352
gin,2001,44.57321166992188
gin,2002,37.33155059814453
gin,2003,34.68500137329102
gin,2004,32.26227188110352
gin,2005,31.15377044677734
gin,2006,29.78200912475586
gin,2007,27.94705963134766
gin,2008,28.65324020385742
gin,2009,26.76082038879395
gin,2010,22.15242004394531
gin,2011,18.36746025085449
gin,2012,18.64823913574219
gin,2013,16.57953071594238
gin,2014,12.8514404296875
gin,2016,13.52015972137451
gin,2020,8.55912971496582
gmb,1971,74.95304870605469
gmb,1972,75.34293365478516
gmb,1973,73.90875244140625
gmb,1974,73.41703033447266
gmb,1975,72.1429672241211
gmb,1976,70.29383850097656
gmb,1977,65.0985336303711
gmb,1978,62.11648178100586
gmb,1979,57.21014022827148
gmb,1980,52.37546157836914
gmb,1981,43.99855041503906
gmb,1982,40.50048065185547
gmb,1983,38.063720703125
gmb,1984,38.20230102539063
gmb,1985,35.6680793762207
gmb,1986,36.51150894165039
gmb,1992,53.31158828735352
gmb,1993,50.74684143066406
gmb,1996,44.95608901977539
gmb,1998,44.58292007446289
gmb,1999,36.24444961547852
gmb,2000,39.94712066650391
gmb,2001,40.84717178344727
gmb,2002,42.58322143554688
gmb,2003,41.07733154296875
gmb,2004,41.41411972045898
gmb,2005,43.44947052001953
gmb,2006,39.08283996582031
gmb,2007,37.18758010864258
gmb,2008,41.11640930175781
gmb,2010,38.17561087882159
gmb,2011,39.60127891668234
gmb,2012,37.3035003465386
gmb,2013,36.78257903524047
gmb,2014,35.25257695976918
gmb,2015,32.49633026123047
gmb,2016,31.20841841775904
gmb,2017,28.89426613083754
gmb,2018,27.23621627496545
gmb,2019,24.59916163210326
gmb,2020,23.45177912911813
gmb,2021,24.10760992590761
gmb,2022,24.21986524628125
gmb,2023,24.4280146040769
gmb,2024,24.96917692220842
gmb,2025,23.47104245369892
gnb,1981,50.01955032348633
gnb,1982,38.71905899047852
gnb,1984,41.52997970581055
gnb,1985,41.47188186645508
gnb,1987,50.78837966918945
gnb,1988,51.36185836791992
gnb,2000,42.80043029785156
gnb,2010,29.43481063842773
gnq,1994,40.8406982421875
gnq,2000,42.82550811767578
gnq,2001,41.04761123657227
gnq,2002,43.40224075317383
gnq,2003,46.6734504699707
gnq,2008,62.83137893676758
gnq,2009,63.68069076538086
gnq,2010,64.32687377929688
gnq,2011,63.80524826049805
gnq,2012,63.17065811157227
gnq,2015,66.00685119628906
grc,2002,5.447889804840088
grc,2003,3.572590112686157
grc,2004,1.274060010910034
grc,2005,1.298709988594055
grc,2006,2.161439895629883
grc,2007,1.773470044136047
grc,2010,0.8926100134849548
grc,2011,0.980870008468628
grc,2012,1.457170009613037
grc,2013,1.690860033035278
grc,2014,2.432569980621338
grc,2015,1.616310000419617
grc,2016,0.8187599778175354
grc,2017,1.47409999370575
grc,2018,2.64126992225647
grc,2019,2.957149982452393
grc,2020,3.570240020751953
grc,2021,3.733979940414429
grd,1972,9.519880294799805
grd,1977,16.07670974731445
grd,1978,14.04864025115967
grd,1979,11.96253967285156
grd,1980,11.71249008178711
grd,1981,14.25430965423584
grd,1982,15.62604999542236
grd,1983,13.548020362854
grd,1984,9.20071029663086
grd,2002,3.624419927597046
grd,2005,9.087240219116213
grd,2014,4.187879783215634
grd,2021,1.119341563786008
gtm,1970,47.92010116577148
gtm,1971,46.48286819458008
gtm,1972,45.76871109008789
gtm,1974,44.97526931762695
gtm,1975,43.68482971191406
gtm,1978,39.85966110229492
gtm,1981,32.89413070678711
gtm,1982,36.64958953857422
gtm,1983,31.89621925354004
gtm,1997,25.29471015930176
gtm,1999,14.28872013092041
gtm,2000,12.47885990142822
gtm,2001,13.5915699005127
gtm,2002,10.63109970092773
gtm,2004,6.208759784698486
gtm,2005,4.972400188446045
gtm,2006,3.706969976425171
gtm,2007,2.861040115356445
gtm,2008,2.745830059051514
gtm,2011,2.01342398324648
gtm,2012,4.653057701437141
gtm,2013,6.875945426353386
gtm,2014,8.941687490104565
gtm,2015,9.532046871945974
gtm,2016,10.71369766060547
gtm,2017,10.06527911542531
gtm,2018,9.12444285938262
gtm,2019,9.3547069213828
gtm,2020,9.503651541311449
gtm,2021,8.386014992422327
gtm,2022,8.408276711941335
gtm,2023,8.338212212041906
gtm,2024,8.49924088107357
guf,1996,1.769199967384338
guy,1971,11.6455602645874
guy,1972,11.53874969482422
guy,1974,10.97900009155273
guy,1976,12.60964965820313
guy,1977,5.358190059661865
guy,1979,7.263410091400146
guy,1982,8.453289985656738
guy,1991,7.11352014541626
guy,1992,8.620880126953125
guy,1993,10.16090965270996
guy,1995,8.714059829711914
guy,1996,11.59918975830078
guy,2003,7.357009887695313
guy,2008,0.2292300015687943
guy,2009,4.692049980163574
guy,2020,18.64941024780273
guy,2021,19.65580940246582
guy,2023,17.44855463008329
hkg,2001,3.944789886474609
hkg,2002,3.538029909133911
hkg,2003,1.468690037727356
hkg,2004,2.262089967727661
hkg,2005,1.137509942054749
hkg,2006,0.3872900009155273
hkg,2007,1.154430031776428
hnd,1979,24.00922966003418
hnd,1980,23.66012001037598
hnd,1982,13.47539043426514
hnd,1983,12.72249984741211
hnd,1984,12.0834903717041
hnd,1986,13.45083045959473
hnd,1991,14.77001953125
hnd,1993,13.2477502822876
hnd,2000,15.57221984863281
hnd,2003,10.65410995483398
hnd,2004,10.30819034576416
hnd,2005,14.39560985565186
hnd,2006,10.36581039428711
hnd,2007,15.65684986114502
hnd,2008,13.09527969360352
hnd,2009,14.88945960998535
hnd,2010,14.7369499206543
hnd,2011,14.900710105896
hnd,2012,17.73414070987402
hnd,2013,21.57053225024248
hnd,2014,22.21827349492741
hnd,2015,23.78559107268352
hnd,2016,22.8463306427002
hnd,2017,22.0273609161377
hnd,2019,16.68230056762695
hnd,2020,22.8577634194982
hnd,2021,26.10895950995072
hnd,2022,24.6336498260498
hnd,2023,24.75932788267357
hnd,2024,27.62684409402008
hrv,2003,0.0359999984502792
hrv,2009,2.275399923324585
hti,1981,62.97037124633789
hti,1982,56.95690155029297
hti,1983,53.38245010375977
hti,1984,56.33538818359375
hti,1985,50.07754135131836
hti,1986,47.75199127197266
hti,1987,57.01686859130859
hti,1997,38.53631973266602
hun,2000,2.532109975814819
hun,2001,1.568269968032837
hun,2006,0.0584900006651878
hun,2007,0.1932599991559982
hun,2008,0.4676800072193146
hun,2009,1.365270018577576
hun,2010,1.926630020141602
hun,2011,2.356899976730347
hun,2012,1.718330025672913
hun,2013,2.479899883270264
hun,2014,3.529639959335327
hun,2015,4.270120143890381
hun,2016,4.883979797363281
hun,2017,4.612060070037842
hun,2018,4.267529964447021
hun,2019,4.180900096893311
hun,2020,4.1355299949646
hun,2021,3.811729907989502
hun,2022,3.753289937973022
hun,2023,2.220410108566284
idn,1971,24.5221004486084
idn,1972,23.67194938659668
idn,1974,22.21036911010742
idn,1975,22.29900932312012
idn,1976,19.8016300201416
idn,1978,10.5591402053833
idn,1981,5.612470149993896
idn,1987,0.2811099886894226
idn,1989,0.4814099967479706
idn,1990,2.434079885482788
idn,1991,3.639519929885864
idn,1992,4.257420063018799
idn,1993,5.218770027160645
idn,1994,4.075990200042725
idn,1995,3.952330112457275
idn,1996,5.839980125427246
idn,1997,6.12116003036499
idn,2001,4.437369823455811
idn,2002,4.884500026702881
idn,2003,4.567649841308594
idn,2004,5.100669860839844
idn,2005,5.142859935760498
idn,2006,3.374629974365234
idn,2007,0.8748300075531006
idn,2008,2.105570077896118
idn,2009,0.2000599950551987
idn,2013,1.963899970054626
idn,2014,2.682699918746948
idn,2016,3.651289939880371
idn,2017,4.120709896087646
idn,2018,5.893626251991598
ind,2000,4.764050006866455
ind,2001,7.19173002243042
ind,2002,8.048930168151855
ind,2003,7.441100120544434
ind,2008,0.774869978427887
ind,2009,2.633529901504517
ind,2010,1.657950043678284
ind,2011,3.033750057220459
ind,2012,0.2830199897289276
ind,2016,4.788000552597667
ind,2017,6.536850126046607
ind,2018,6.71250087546106
ind,2019,7.537826799584995
ind,2020,3.824261998176428
ind,2021,1.725456827055762
ind,2023,0.2768846870836798
irl,2001,0.3488900065422058
irn,1984,8.819089889526367
irn,1985,10.07485008239746
irn,1986,10.69546985626221
irn,1987,11.02659034729004
irn,1988,10.89663028717041
irn,1989,11.48818016052246
irn,1990,5.109829902648926
irn,1992,3.422130107879639
irn,1997,7.302340030670166
irn,1999,14.616379737854
irn,2000,14.70487976074219
irn,2002,0.1129700019955635
irn,2006,0.751039981842041
irn,2007,6.389619827270508
irn,2009,5.40339994430542
irn,2010,6.325809955596924
irn,2011,5.561910152435303
irn,2012,4.919189929962158
irn,2014,4.289090156555176
irn,2015,4.044829845428467
irn,2016,3.583270072937012
irn,2017,2.706909894943237
irn,2019,1.706419944763184
irn,2020,2.137320041656494
irq,1971,22.54915046691895
irq,1972,20.80109977722168
irq,1973,19.18580055236816
irq,1974,16.99968910217285
irq,1975,18.21404075622559
irq,1976,7.545770168304443
irq,1977,7.091929912567139
irq,1978,6.683730125427246
irq,1980,0.022350000217557
irq,1981,3.844209909439087
irq,1983,8.991220474243164
irq,1985,8.833200454711914
irq,1986,7.081989765167236
irq,1987,5.234789848327637
irq,1988,4.55403995513916
irq,1989,4.03246021270752
irq,1993,15.87615013122559
irq,1996,21.37565994262695
irq,1999,8.824310302734375
irq,2000,11.33561992645264
irq,2003,8.241029739379883
irq,2004,8.774620056152344
irq,2007,4.925549983978271
isl,2000,0.1482300013303757
isl,2002,0.4925200045108795
isl,2003,0.2154099941253662
isl,2004,0.2992300093173981
isl,2005,0.0879300013184547
isl,2006,0.3188399970531464
isl,2007,1.370219945907593
isl,2008,1.505949974060059
isl,2009,1.523800015449524
isl,2010,1.146550059318542
isl,2011,1.192839980125427
isl,2012,1.10276997089386
isl,2013,1.154780030250549
isl,2014,1.126070022583008
isl,2015,1.440170049667358
isl,2016,1.155460000038147
isl,2017,1.118190050125122
isl,2018,0.983590006828308
isl,2019,1.293759942054749
isl,2020,1.402089953422546
isl,2021,1.489230036735535
isl,2022,1.450809955596924
isl,2023,1.874780058860779
isr,2000,2.892790079116821
isr,2001,3.959500074386597
isr,2002,3.764909982681274
isr,2003,4.394030094146729
isr,2004,4.141329765319824
isr,2005,4.463260173797607
isr,2006,4.510220050811768
isr,2007,4.201690196990967
isr,2008,4.358150005340576
isr,2009,2.119980096817017
isr,2010,1.889649987220764
isr,2011,1.719320058822632
isr,2012,1.666630029678345
isr,2013,1.756929993629456
isr,2014,2.270359992980957
isr,2015,2.437489986419678
isr,2016,2.653359889984131
isr,2017,3.223530054092407
isr,2018,3.421740055084229
isr,2019,3.856940031051636
isr,2020,4.034130096435547
isr,2021,3.772690057754517
isr,2022,3.8332200050354
isr,2023,4.013619899749756
ita,2012,0.2409300059080124
ita,2013,0.9060900211334229
ita,2014,1.222460031509399
ita,2015,1.464709997177124
ita,2016,1.608890056610107
ita,2017,1.518990039825439
ita,2018,1.417700052261353
ita,2019,1.448050022125244
ita,2020,1.352519989013672
ita,2021,2.033139944076538
ita,2022,2.426429986953735
ita,2023,1.953559994697571
jam,1976,2.816829919815063
jam,1977,3.47586989402771
jam,1980,2.590110063552856
jam,1981,2.590420007705688
jam,1983,2.283859968185425
jam,1984,4.0902099609375
jam,1985,5.472209930419922
jam,1986,5.970210075378418
jam,1987,3.695640087127686
jam,1988,7.989830017089844
jam,1989,5.041729927062988
jam,1990,5.192749977111816
jam,1991,6.404240131378174
jam,1993,8.388629913330078
jam,1999,12.31459999084473
jam,2000,11.13162040710449
jam,2001,11.21471977233887
jam,2002,12.31892013549805
jam,2003,13.16036987304688
jam,2004,9.90427017211914
jam,2005,9.775710105895996
jam,2013,8.28945028791837
jam,2014,10.72221759529164
jam,2015,13.88460722618963
jam,2016,11.38552996991437
jam,2017,10.51037258601883
jam,2018,10.9051612213414
jam,2019,9.40428011275058
jam,2020,13.37209987640381
jam,2021,14.63035409770288
jam,2022,5.873707552278059
jam,2023,12.80844299213989
jor,2002,10.27068042755127
jor,2003,8.755260467529297
jor,2004,7.885000228881836
jor,2005,7.501200199127197
jor,2006,8.364419937133789
jor,2007,9.879110336303713
jor,2008,11.94474029541016
jor,2010,11.42131042480469
jor,2011,10.54281997680664
jor,2012,9.891189575195312
jor,2013,6.90018151828859
jor,2016,3.661961449157852
jor,2017,1.982362265406745
jor,2018,1.307254559611974
jor,2019,1.30489653828888
jor,2020,1.237294633266907
jor,2021,2.218837733552768
jor,2022,1.58691592677695
jor,2023,3.12310097489781
jor,2024,2.119071644803229
kaz,2000,2.963479995727539
kaz,2006,0.9929699897766112
kaz,2007,3.076329946517944
kaz,2008,5.186339855194092
kaz,2009,7.001190185546875
kaz,2010,8.170191497680342
kaz,2011,7.579715173465051
kaz,2012,7.534897182251972
kaz,2013,8.225950665334244
kaz,2014,8.353448460513114
kaz,2015,8.154687626107417
kaz,2016,8.403678750559981
kaz,2017,6.237369072211119
kaz,2018,5.660899411127172
kaz,2019,4.487795464488747
kaz,2020,10.65988289945951
kaz,2021,10.4955110977395
kaz,2022,9.962469720029864
kaz,2023,5.04042880004749
kaz,2024,5.604246283460496
kaz,2025,7.173544004682306
ken,1999,37.41540908813477
ken,2000,35.65047836303711
ken,2001,27.45022964477539
ken,2002,26.2731990814209
ken,2003,14.19785976409912
ken,2004,15.13887977600098
ken,2005,14.15925979614258
ken,2006,14.71240997314453
ken,2007,3.921410083770752
ken,2008,8.939339637756348
ken,2009,6.697090148925781
ken,2012,18.7177791595459
ken,2021,38.46381614632055
ken,2022,33.85329374307702
ken,2023,9.382030281658874
kgz,1996,7.330599784851074
kgz,1999,2.333709955215454
kgz,2000,3.913850069046021
kgz,2001,3.164259910583496
kgz,2002,3.703150033950806
kgz,2003,4.756289958953857
kgz,2004,0.7887600064277649
kgz,2005,3.747289896011353
kgz,2006,2.300060033798218
kgz,2007,4.875160217285156
kgz,2008,5.957089900970459
kgz,2009,6.307229995727539
kgz,2010,4.965067030870193
kgz,2011,5.832703204328741
kgz,2012,5.44988939691458
kgz,2013,5.146118953241012
kgz,2014,4.279183855502286
kgz,2015,4.521242541422316
kgz,2016,2.278166459585894
kgz,2017,2.461195065779096
kgz,2018,2.09182126721926
kgz,2019,2.447906981639821
kgz,2020,5.471995226176466
kgz,2021,4.7382081455028
kgz,2022,3.707409027742035
kgz,2024,3.01759410801964
kgz,2025,3.209754963727781
khm,1997,8.20775032043457
khm,1998,11.11211013793945
khm,1999,10.42617034912109
khm,2000,5.042129993438721
khm,2003,2.108319997787476
khm,2006,4.48701000213623
khm,2007,2.696510076522827
khm,2008,3.70398998260498
khm,2010,6.585939884185791
khm,2012,1.330950021743774
khm,2014,8.487159729003906
khm,2015,9.927519798278809
khm,2016,10.12541961669922
khm,2017,11.01146984100342
khm,2018,10.65254974365234
khm,2019,9.083829879760742
khm,2020,8.995260238647461
khm,2021,11.16582358240423
khm,2022,16.50724970005269
khm,2023,7.22086299026856
khm,2024,2.813146179193331
kir,1979,7.762010097503662
kir,1981,5.019859790802002
kir,1982,3.483870029449463
kir,1983,4.159669876098633
kir,1984,4.338880062103271
kir,1985,1.45278000831604
kir,1986,2.342050075531006
kir,1987,3.93257999420166
kir,1989,0.3253600001335144
kir,1993,0.9513000249862672
kir,2022,3.13911223703051
kir,2023,6.770436486339393
kir,2024,6.879792634193757
kna,1985,2.73403000831604
kna,1986,3.673840045928955
kor,2000,2.859610080718994
kor,2001,2.490020036697388
kor,2002,2.338720083236694
kor,2003,1.451990008354187
kor,2004,1.640759944915771
kor,2005,0.9183899760246276
kor,2006,0.7823600172996521
kor,2007,0.3833599984645844
kor,2009,1.330450057983398
kor,2011,0.9419599771499634
kor,2012,1.159389972686768
kor,2013,2.265870094299316
kor,2014,2.841190099716187
kor,2015,0.1390900015830994
kor,2016,0.7143099904060364
kor,2017,1.832460045814514
kor,2018,1.835409998893738
kor,2019,0.8730700016021729
kor,2020,1.321820020675659
kor,2021,1.421919941902161
kor,2022,1.002230048179626
kwt,1971,41.69277954101563
kwt,1972,41.27022933959961
kwt,1973,38.31940841674805
kwt,1974,36.36011123657227
kwt,1975,34.6898193359375
kwt,1976,32.82926940917969
kwt,1977,29.39718055725098
kwt,1978,17.76153945922852
kwt,1979,17.70185089111328
kwt,1980,20.73615074157715
kwt,1981,20.37863922119141
kwt,1982,19.12387084960938
kwt,1983,18.92564010620117
kwt,1984,20.57966995239258
kwt,1985,20.90988922119141
kwt,1986,22.24529075622559
kwt,1987,27.21121978759766
kwt,1988,27.19702911376953
kwt,1992,39.90874099731445
kwt,1994,27.66762924194336
kwt,1996,25.75724029541016
kwt,1997,28.34379959106445
kwt,1998,16.78121948242188
kwt,1999,16.5851993560791
kwt,2000,15.2874002456665
kwt,2001,11.98812007904053
kwt,2002,5.907090187072754
kwt,2005,3.654530048370361
kwt,2013,3.359202219630866
kwt,2016,12.08149094363106
lao,1992,39.5435905456543
lao,1993,34.39926147460938
lao,1994,30.33991050720215
lao,1996,28.82024002075195
lao,1997,26.38179969787598
lao,1998,22.92424964904785
lao,1999,22.50344085693359
lao,2000,21.67395973205566
lao,2001,22.42720031738281
lao,2002,20.94551086425781
lao,2003,18.36566925048828
lao,2004,18.60250091552734
lao,2005,18.16831970214844
lao,2006,17.51637077331543
lao,2007,15.21140956878662
lao,2008,13.24876976013184
lao,2009,11.40128040313721
lao,2010,6.610899925231934
lao,2011,6.658163331846553
lao,2012,6.140341611298314
lao,2013,3.770714234505979
lao,2014,2.905685313404792
lao,2015,3.932673434945693
lao,2016,4.151692831473426
lao,2017,5.359547535685429
lao,2018,5.816092493874708
lao,2019,5.683269974838741
lao,2020,6.09479642991308
lao,2021,6.368602053109009
lao,2022,8.966871515200847
lao,2023,9.135977515152886
lao,2024,10.14971274163169
lao,2025,10.32523297986935
lbn,1974,6.961249828338623
lbn,1997,43.75128936767578
lbn,1998,30.92189979553223
lbn,1999,25.1221809387207
lbn,2000,24.50695991516113
lbn,2001,24.30760955810547
lbn,2002,23.43572044372559
lbn,2003,22.03259086608887
lbn,2004,20.44940948486328
lbn,2005,20.30117034912109
lbn,2006,21.16415023803711
lbn,2007,21.44514083862305
lbn,2008,22.9650993347168
lbn,2009,23.44474029541016
lbn,2010,23.42209357721347
lbn,2011,22.70055280874277
lbn,2012,21.34686123125429
lbn,2013,19.17548907830682
lbn,2014,25.79951876278989
lbn,2015,28.64050505331565
lbn,2016,25.94072666004234
lbn,2017,24.60639501636472
lbn,2018,25.21976942809358
lbn,2019,25.89631564067514
lbn,2020,26.72454186130075
lbn,2021,27.80267001493534
lbn,2022,26.93400013236229
lbn,2023,25.55286139876341
lbn,2024,22.65430879121537
lbr,1999,49.89181137084961
lbr,2008,57.95304870605469
lbr,2011,1.225964602346999
lbr,2014,10.01688003540039
lbr,2015,10.4709602696407
lbr,2016,20.07276984004318
lbr,2017,26.1839585599021
lbr,2020,32.58096357669719
lbr,2021,35.36844803280789
lbr,2022,39.19576519170499
lby,1971,22.96220970153809
lby,1972,17.24836921691895
lby,1973,13.88854026794434
lby,1974,8.187569618225098
lby,1975,5.732150077819824
lby,1976,1.788709998130798
lby,1977,1.987069964408875
lby,1978,4.619160175323486
lby,1981,4.062970161437988
lby,1983,4.044260025024414
lca,1981,10.45798969268799
lca,1982,8.905099868774414
lca,1990,9.41038990020752
lca,2000,8.370750427246094
lca,2001,5.999350070953369
lca,2002,0.5490900278091431
lca,2003,1.090370059013367
lca,2004,5.091819763183594
lca,2005,7.788710117340088
lca,2006,6.422019958496094
lca,2007,6.79833984375
lca,2008,6.898139953613281
lca,2009,5.903709888458252
lca,2010,6.714869976043701
lca,2011,8.21973991394043
lca,2012,8.26196002960205
lca,2013,6.417109966278076
lca,2014,8.59043025970459
lca,2015,6.989309787750244
lca,2016,8.698590278625488
lca,2017,9.49448013305664
lca,2018,9.065999984741213
lca,2019,8.438870429992676
lca,2020,8.870869636535645
lca,2021,6.446238626169422
lca,2023,2.224009990692139
lca,2024,7.599517490952954
lie,2014,2.848099946975708
lka,2001,3.326359987258911
lka,2002,4.303899765014648
lka,2003,5.74629020690918
lka,2004,10.60321998596191
lka,2005,7.985410213470459
lka,2006,7.757800102233887
lka,2007,7.538440227508545
lka,2008,7.626070022583008
lka,2009,8.972089767456055
lka,2010,7.101759910583496
lka,2011,7.077559947967529
lka,2012,7.243929862976074
lka,2013,6.509860038757324
lka,2014,6.07194995880127
lka,2015,3.544019937515259
lka,2016,3.342910051345825
lka,2017,3.805949926376343
lka,2018,4.503339767456055
lka,2022,8.64872861695596
lka,2023,9.665549127365107
lso,1970,52.91696166992188
lso,1972,55.04821014404297
lso,1973,53.72253036499023
lso,1974,46.34783172607422
lso,1976,44.89347076416016
lso,1977,43.89664840698242
lso,1978,48.95957946777344
lso,1979,48.10202026367188
lso,1980,47.3194694519043
lso,1981,46.57569122314453
lso,1982,42.6981315612793
lso,1983,43.4044189453125
lso,1984,43.11244964599609
lso,1985,41.48598098754883
lso,1986,42.00238037109375
lso,1987,38.85272979736328
lso,1988,37.9140510559082
lso,1989,38.64554977416992
lso,1990,39.75453186035156
lso,1991,38.94913101196289
lso,1992,38.86688995361328
lso,1993,41.10594940185547
lso,1994,40.38161087036133
lso,1995,41.40784072875977
lso,1996,41.67213821411133
lso,1998,47.1532096862793
lso,1999,49.07096862792969
lso,2000,28.20027923583984
lso,2001,26.01963996887207
lso,2002,23.02140045166016
lso,2003,20.50221061706543
lso,2004,20.34734916687012
lso,2005,18.69058990478516
lso,2006,15.85025978088379
lso,2007,17.37832069396973
lso,2008,16.8777904510498
lso,2009,17.8698902130127
lso,2010,16.69375991821289
lso,2011,16.02593652950311
lso,2012,16.0397936802526
lso,2013,16.05863794409356
lso,2014,17.30898024885735
lso,2015,17.83341938702697
lso,2016,17.35485283610298
lso,2017,15.72076633086776
lso,2018,21.4367648051101
lso,2019,25.92157252279099
lso,2020,24.98456739985055
lso,2021,31.00991325898389
lso,2022,29.79187230471204
lso,2023,31.1292482970329
lso,2024,32.5893294680209
ltu,2003,0.0460899993777275
ltu,2021,0.0289299990981817
lux,2000,5.968210220336914
lux,2001,3.440229892730713
lux,2002,2.950439929962158
lux,2003,4.671360015869141
lux,2004,4.442450046539307
lux,2005,2.862390041351318
lux,2006,2.87650990486145
lux,2007,3.341500043869019
lux,2008,3.577630043029785
lux,2010,4.577670097351074
lux,2011,5.617380142211914
lux,2012,2.271990060806274
lux,2013,3.2292799949646
lux,2014,3.092339992523193
lux,2015,2.900229930877686
lux,2016,2.996799945831299
lux,2017,3.559590101242065
lux,2018,2.108609914779663
lux,2019,1.316110014915466
lux,2020,1.53875994682312
lux,2021,1.509930014610291
lux,2022,0.509630024433136
lux,2023,0.7723199725151062
lva,2009,0.920769989490509
lva,2010,0.9384400248527528
lva,2011,0.8122100234031677
lva,2012,1.612679958343506
lva,2013,2.098429918289185
lva,2014,2.277549982070923
lva,2015,2.35096001625061
lva,2016,2.078639984130859
lva,2017,1.89792001247406
lva,2018,1.567489981651306
lva,2019,1.533290028572083
lva,2020,1.626479983329773
lva,2021,1.617890000343323
lva,2022,1.795439958572388
lva,2023,2.263959884643555
mac,2001,12.80014038085938
mac,2002,9.595450401306152
mac,2003,9.904999732971191
mac,2004,9.128629684448242
mac,2005,10.36373043060303
mac,2006,12.40791034698486
mac,2007,10.92018985748291
mac,2008,10.02202987670898
mac,2009,10.2954797744751
mac,2010,9.875396641126848
mac,2011,7.962022153743649
mac,2012,10.32393773664283
mac,2013,9.11206896551724
mac,2014,6.789915966386554
mac,2015,6.782945736434108
mac,2016,4.014598540145985
mac,2018,3.980891719745223
mac,2019,7.646067415730337
mac,2020,11.07772020725389
mac,2021,13.71291866028708
mac,2022,18.27705627705628
mac,2023,15.16883116883117
mac,2024,10.9372197309417
mar,1975,45.15567016601563
mar,1976,42.56158065795898
mar,1977,37.98487091064453
mar,1978,34.61035919189453
mar,1979,32.4638786315918
mar,1980,30.21474075317383
mar,1981,28.41115951538086
mar,1982,29.43614959716797
mar,1983,27.74714088439941
mar,1984,25.27057075500488
mar,1985,26.87581062316895
mar,1986,28.76955986022949
mar,1987,31.13690948486328
mar,1988,33.18259048461914
mar,1989,35.75337982177734
mar,1990,35.10583877563477
mar,1991,35.42578125
mar,1992,34.75432968139648
mar,1993,32.0908088684082
mar,1994,29.13014030456543
mar,1995,25.9925594329834
mar,1996,23.76028060913086
mar,1997,22.84165954589844
mar,1998,26.14995956420898
mar,1999,14.67356014251709
mar,2000,13.18056964874268
mar,2001,12.13706970214844
mar,2002,11.25648021697998
mar,2003,10.27793979644775
mar,2004,11.06367015838623
mar,2005,10.93764972686768
mar,2006,10.50452995300293
mar,2007,10.4543399810791
mar,2008,11.15495014190674
mar,2009,12.99232959747314
mar,2010,9.207333350465532
mar,2011,7.598121506373386
mar,2012,8.16685218510279
mar,2013,6.872893156460325
mar,2014,7.758447336178999
mar,2015,10.04705231109881
mar,2016,8.056964818718795
mar,2017,6.949415272361802
mar,2018,5.185434280853124
mar,2019,3.461681924682185
mda,2010,8.332044739961859
mda,2011,7.679275019700552
mda,2012,7.992675247342142
mda,2013,7.910705118923827
mdg,1972,32.5511589050293
mdg,1989,37.74998092651367
mdg,1990,39.50653076171875
mdg,1995,50.88261032104492
mdg,1996,46.28026962280273
mdg,1999,39.34233856201172
mdg,2000,37.88750839233398
mdg,2001,37.13750839233398
mdg,2002,37.00494003295898
mdg,2003,28.09292984008789
mdg,2010,3.826334276113045
mdg,2016,4.921643638682506
mdg,2018,4.630048142477975
mdg,2019,11.29673957824707
mdv,1997,10.03285980224609
mdv,1999,6.230340003967285
mdv,2008,9.83197021484375
mdv,2011,9.524250030517578
mdv,2012,10.0051962775757
mdv,2013,11.20101613586113
mdv,2022,9.295639674173454
mdv,2023,11.09064112011791
mhl,2002,3.342040061950684
mhl,2015,11.26159954071045
mhl,2016,8.767895061697326
mkd,2003,1.530809998512268
mkd,2004,0.6894199848175049
mkd,2005,0.9910399913787842
mkd,2006,2.978539943695068
mkd,2007,1.671409964561462
mkd,2008,4.593709945678711
mkd,2009,2.659240007400513
mkd,2012,2.011980056762695
mkd,2013,3.31129002571106
mkd,2014,3.672559976577759
mkd,2015,2.358160018920898
mkd,2017,3.232929944992065
mkd,2018,3.366899967193604
mkd,2019,7.738090038299561
mkd,2020,7.129340171813965
mkd,2021,7.730559825897217
mkd,2022,3.251699924468994
mkd,2023,4.032020092010498
mli,1971,79.30513000488281
mli,1999,53.4940299987793
mli,2002,46.0582389831543
mli,2003,45.62570953369141
mli,2004,47.34595108032227
mli,2005,40.43486022949219
mli,2006,39.62025833129883
mli,2007,37.88547134399414
mli,2009,31.19985961914063
mli,2010,30.74597808721918
mli,2011,30.48117303879546
mli,2012,33.10365813285473
mli,2014,37.10079254576469
mli,2015,39.79154154154154
mli,2016,38.06484351411179
mli,2017,33.31920807894797
mli,2018,41.96847152709961
mli,2023,30.88776969909668
mlt,2017,0.8974599838256836
mlt,2018,0.2994900047779083
mlt,2019,1.774639964103699
mlt,2020,3.181849956512451
mlt,2021,4.922969818115234
mlt,2022,6.95265007019043
mlt,2023,2.605420112609863
mmr,1971,36.06388854980469
mmr,1973,26.52862930297852
mmr,1974,37.43497848510742
mmr,1978,29.73586082458496
mmr,2000,8.008819580078125
mmr,2001,7.543900012969971
mmr,2002,10.15721988677979
mmr,2003,7.727940082550049
mmr,2004,8.02299976348877
mmr,2005,7.319540023803711
mmr,2006,5.997250080108643
mmr,2008,3.436389923095703
mmr,2009,2.719990015029907
mne,2003,2.301160097122192
mne,2005,1.765460014343262
mne,2006,4.302589893341064
mne,2007,5.640309810638428
mne,2008,5.256060123443604
mne,2012,1.369660019874573
mne,2016,0.6746600270271301
mng,1995,21.70875930786133
mng,1996,17.8892707824707
mng,1997,17.31473922729492
mng,1998,12.70425033569336
mng,1999,9.01303005218506
mng,2000,6.065149784088135
mng,2001,5.151919841766357
mng,2002,6.351650238037109
mng,2003,13.4915599822998
mng,2004,6.585939884185791
mng,2005,9.267370223999023
mng,2006,5.303500175476074
mng,2007,4.088429927825928
mng,2008,1.386150002479553
mng,2012,1.475430011749268
mng,2013,4.312359809875488
mng,2014,5.272590160369873
mng,2015,4.947239875793457
mng,2016,4.209799766540527
mng,2017,6.61338996887207
mng,2018,5.430459307054713
mng,2019,6.895201379879593
mng,2020,8.987641417155379
mng,2021,9.597668754979772
mng,2022,8.715127062418663
mng,2023,8.929916920064226
mng,2024,9.2592669249086
moz,1973,52.44105911254883
moz,1979,59.55646896362305
moz,1981,61.97113037109375
moz,1982,61.51533126831055
moz,1983,44.50954818725586
moz,1985,41.28322982788086
moz,1986,42.23151016235352
moz,1987,46.63919067382813
moz,1989,48.93497085571289
moz,1991,48.23664093017578
moz,1992,50.35271072387695
moz,1993,50.6785888671875
moz,1994,50.27135848999023
moz,1995,51.12776184082031
moz,1998,46.43894958496094
moz,1999,42.99895858764648
moz,2000,39.45558929443359
moz,2001,34.88095855712891
moz,2002,40.32239151000977
moz,2004,26.34810066223145
moz,2005,20.9890193939209
moz,2006,16.86580085754395
moz,2007,11.00967979431152
moz,2008,7.135149955749512
moz,2009,5.745649814605713
moz,2010,3.518773936841563
moz,2011,5.276065702130019
moz,2012,4.2278008525129
moz,2013,2.283222398458015
moz,2014,1.325621107681514
moz,2016,2.482924787389356
moz,2017,4.918189535179923
moz,2018,2.027332108147859
mrt,1994,48.51734161376953
mrt,1995,41.76507949829102
mrt,1996,39.260009765625
mrt,1998,37.47304153442383
mrt,1999,38.82678985595703
mrt,2000,39.16989135742188
mrt,2001,36.24520874023438
mrt,2002,38.22806930541992
mrt,2003,35.83737945556641
mrt,2004,29.51995086669922
mrt,2005,31.04624938964844
mrt,2006,27.84420013427734
mrt,2007,26.51408958435059
mrt,2008,29.66720962524414
mrt,2009,29.12841033935547
mrt,2010,28.66152954101563
mrt,2011,29.03180668424735
mrt,2012,31.49834709313394
mrt,2013,29.13285034594886
mrt,2014,28.21095210448075
mrt,2015,24.99356838339785
mrt,2016,33.63057212333889
mrt,2017,30.08694075106834
mrt,2018,28.03970562132197
mrt,2019,32.37103407213819
mrt,2020,27.49680594209986
mrt,2024,12.19097528736438
msr,1999,36.75497055053711
msr,2000,17.50972938537598
mtq,1987,0.8756200075149536
mtq,1990,4.686570167541504
mtq,1992,11.67883014678955
mtq,1993,13.57030963897705
mtq,1996,9.078860282897947
mus,2004,1.862930059432983
mus,2005,1.843459963798523
mus,2006,2.213040113449097
mus,2007,2.933640003204346
mus,2008,2.742769956588745
mus,2009,3.875449895858765
mus,2010,4.090007063334566
mus,2011,4.493068031592149
mus,2012,8.27829377364981
mus,2013,6.758547574874106
mus,2014,6.288120824862039
mus,2015,5.992537594693401
mus,2016,5.904384657620206
mus,2017,5.241184536356753
mus,2018,2.905553545201047
mus,2019,4.741768527695188
mus,2020,3.256936067551266
mus,2021,6.630312675528927
mus,2023,2.131039370463599
mwi,2007,5.08581018447876
mys,1970,3.519730091094971
mys,1971,3.648040056228638
mys,1972,1.893610000610352
mys,1994,5.079569816589355
mys,1998,5.016510009765625
mys,1999,3.766799926757813
mys,2000,4.159510135650635
mys,2001,6.007820129394531
mys,2002,7.935450077056885
mys,2003,7.685299873352051
mys,2004,5.286059856414795
mys,2005,4.273210048675537
mys,2006,7.573520183563232
mys,2007,6.262440204620361
mys,2008,5.273039817810059
mys,2009,6.233280181884766
mys,2010,5.610489845275879
mys,2011,6.446189880371094
mys,2012,6.582320213317871
mys,2013,6.721946589787355
mys,2014,7.879936523076164
mys,2015,9.208661866877137
mys,2016,9.102010301706482
mys,2017,9.136942066623323
mys,2018,8.947025259976144
mys,2019,12.03898167988761
mys,2020,13.04518634405408
mys,2021,13.52132906682885
mys,2022,13.66583752000978
mys,2023,10.41338453412514
mys,2024,12.78093724887551
nam,1989,17.23476982116699
nam,1990,16.70712089538574
nam,1992,10.38681983947754
nam,1998,10.2840404510498
nam,1999,12.41149044036865
nam,2000,12.34292984008789
nam,2001,12.09634017944336
nam,2002,11.05261039733887
nam,2003,10.69207954406738
nam,2004,12.14443969726563
nam,2005,10.4447603225708
nam,2006,11.39249038696289
nam,2007,8.28279972076416
nam,2008,7.841559886932373
nam,2009,6.960730075836182
nam,2010,5.748550124739154
nam,2011,4.35365343118692
nam,2012,2.703888788090895
ncl,1982,9.959839820861816
ncl,1983,8.214639663696289
ncl,1984,9.614620208740234
ncl,1985,16.90225982666016
ncl,1986,17.0563793182373
ncl,1987,15.77919006347656
ncl,1988,6.201550006866455
ncl,1989,1.70904004573822
ncl,1990,8.957070350646973
ncl,1991,7.229909896850586
ner,1973,86.82373809814453
ner,1974,86.23876190185547
ner,1986,70.6263198852539
ner,1989,72.0486068725586
ner,1990,71.55380249023438
ner,1991,70.86132049560547
ner,1992,73.6580810546875
ner,1997,71.04267120361328
ner,1998,70.94255065917969
ner,1999,69.01525115966797
ner,2000,68.25032806396484
ner,2001,64.02867126464844
ner,2002,60.00761032104492
ner,2003,56.0837516784668
ner,2004,52.00540161132813
ner,2005,52.45003890991211
ner,2006,51.34346008300781
ner,2007,50.55456924438477
ner,2008,47.70624160766602
ner,2009,43.90396881103516
ner,2010,39.75488756274846
ner,2011,35.11413897520271
ner,2012,34.46657085539556
ner,2013,34.20772348813445
ner,2014,35.07299090452508
ner,2015,33.10903199514387
ner,2016,31.97008550758337
ner,2017,29.07050139312549
ner,2019,36.99938379640476
ner,2021,38.71381497294918
ner,2022,38.80642446597074
ner,2023,37.68173689643427
ner,2024,39.13951014961064
nga,1999,32.92454147338867
nga,2000,30.19453048706055
nga,2004,30.72347068786621
nga,2005,30.60095024108887
nga,2006,30.96722030639648
nga,2007,25.20348930358887
nga,2008,32.62696838378906
nga,2009,31.88784027099609
nga,2010,32.46503829956055
nga,2023,23.18289947509766
nic,1971,44.36716842651367
nic,1973,44.97124099731445
nic,1980,36.34030151367188
nic,1982,37.34925079345703
nic,1983,36.96712112426758
nic,1984,38.10182952880859
nic,1985,35.45108032226563
nic,1986,36.76744079589844
nic,1987,35.15539169311523
nic,1988,35.24102020263672
nic,1989,36.61405944824219
nic,1990,33.30831146240234
nic,1991,30.19734954833984
nic,1992,27.10215950012207
nic,1993,26.08218955993652
nic,1994,25.08744049072266
nic,1995,27.24592018127441
nic,1999,18.2113208770752
nic,2000,15.28827953338623
nic,2001,11.28896045684814
nic,2002,3.912280082702637
nic,2004,0.3183900117874146
nic,2006,2.545569896697998
nic,2007,3.430109977722168
nic,2008,2.83705997467041
nic,2010,4.366119861602783
nic,2023,6.81082010269165
nld,2017,0.2654300034046173
nld,2018,0.3323700129985809
nld,2019,0.2226700037717819
nld,2020,0.2779400050640106
nld,2021,0.3083199858665466
nld,2022,0.5297300219535828
nld,2023,0.6692399978637695
nor,2000,0.7794299721717834
nor,2001,0.6429399847984314
nor,2002,0.7078700065612793
nor,2003,0.7991899847984314
nor,2004,0.8184000253677368
nor,2005,0.916450023651123
nor,2006,0.8759999871253967
nor,2007,0.5065600275993347
nor,2008,0.2814500033855438
nor,2009,0.1903599947690964
nor,2010,0.2760800123214722
nor,2011,0.1967599987983704
nor,2012,0.4468100070953369
nor,2013,0.2166800051927567
nor,2014,0.3988200128078461
nor,2015,0.5190100073814392
nor,2016,0.7209299802780151
nor,2017,0.6448699831962585
nor,2018,0.7352499961853027
nor,2019,0.8399699926376343
nor,2020,1.082839965820313
nor,2021,1.010679960250854
nor,2022,0.9404699802398682
nor,2023,1.224480032920837
npl,1983,20.12862968444824
npl,1984,19.37397003173828
npl,1988,13.69900035858154
npl,1999,28.2557201385498
npl,2000,23.53446960449219
npl,2003,17.83604049682617
npl,2004,15.71741008758545
npl,2025,0.1171551849706833
nru,2012,20.3647403717041
nru,2014,6.447189807891846
nru,2016,9.608539581298828
nru,2020,11.53439044952393
nru,2022,6.914340019226074
nru,2025,8.431161003726965
nzl,2013,0.7228000164031982
nzl,2014,0.9210399985313416
nzl,2015,1.148839950561523
nzl,2016,1.256060004234314
nzl,2018,1.388319969177246
nzl,2019,1.056489944458008
nzl,2020,1.371269941329956
nzl,2021,1.429069995880127
nzl,2022,2.675719976425171
nzl,2023,2.371500015258789
omn,2000,15.72408962249756
omn,2001,15.06766986846924
omn,2002,13.50829029083252
omn,2003,11.96706008911133
omn,2009,0.4731900095939636
omn,2012,2.031002718824819
omn,2013,1.433973032745951
omn,2014,2.167527725265861
omn,2015,3.903666092141426
omn,2016,4.61220895029449
omn,2017,3.018581600925366
omn,2018,1.995626998653913
omn,2019,2.981119576018549
omn,2020,10.67549290068103
omn,2021,11.3395621095289
omn,2022,11.28987458068927
pak,2021,25.73481181321729
pak,2022,23.88757719764387
pak,2023,23.80455200626277
pak,2024,16.98972345138429
pan,1970,24.97472953796387
pan,1971,17.20466995239258
pan,1972,14.8787202835083
pan,1973,12.97220039367676
pan,1975,11.37075042724609
pan,1976,11.9583797454834
pan,1978,9.304590225219728
pan,1979,10.65590953826904
pan,1980,11.04304027557373
pan,1981,11.95273971557617
pan,1982,12.47490978240967
pan,1983,13.06569004058838
pan,1984,12.79391002655029
pan,1985,12.08250999450684
pan,1986,11.52723026275635
pan,1987,11.05418968200684
pan,1988,12.45180988311768
pan,1989,11.68677997589111
pan,1990,12.20081043243408
pan,1999,6.718170166015625
pan,2000,5.56072998046875
pan,2001,3.832819938659668
pan,2002,1.297459959983826
pan,2005,0.3319399952888489
pan,2008,0.3500800132751465
pan,2009,3.137320041656494
pan,2010,2.566591633839805
pan,2011,4.10542603959982
pan,2012,4.806175811405329
pan,2013,5.785748296828071
pan,2014,8.030643123926536
pan,2015,10.03361814117817
pan,2017,12.42263856292951
pan,2019,11.9694002926249
pan,2020,10.24420858964274
pan,2021,3.488966733999847
pan,2022,3.358925143953935
pan,2023,9.213217046614067
per,1970,18.25127983093262
per,1981,7.99606990814209
per,1993,9.594039916992188
per,1995,14.75984001159668
per,1998,2.880249977111816
per,1999,1.858450055122375
per,2000,1.460139989852905
per,2001,0.9319900274276732
per,2002,0.2516500055789948
per,2003,1.647369980812073
phl,1976,15.2996997833252
phl,1981,12.2519702911377
phl,1982,12.86900997161865
phl,1983,13.47681045532227
phl,1984,10.10416030883789
phl,1986,9.139780044555664
phl,1987,8.169599533081055
phl,1988,7.738190174102783
phl,1989,6.541850090026855
phl,1990,4.720680236816406
phl,1998,12.16899967193604
phl,1999,16.49666023254395
phl,2001,15.65003967285156
phl,2002,15.68472957611084
phl,2003,15.69699954986572
phl,2004,16.00514030456543
phl,2005,15.64391040802002
phl,2006,16.85951995849609
phl,2007,16.66666030883789
phl,2008,15.88352966308594
phl,2009,13.8479700088501
phl,2014,10.95578362726474
phl,2015,11.44556222006558
phl,2016,11.25172506378178
phl,2017,10.70828006300626
phl,2018,10.45150190606029
phl,2019,8.405496537190428
phl,2020,7.485863219349458
phl,2021,11.50794675413039
phl,2022,10.03416020847772
phl,2023,9.367680840592593
phl,2024,10.54985940430185
plw,2022,12.76595744680851
plw,2023,7.795698924731183
png,1989,26.15723037719727
png,2012,28.2687182360914
png,2014,31.79731255682425
png,2016,9.695579528808594
png,2019,0.8586733774003813
png,2020,2.420814267183268
pol,2000,1.178900003433228
pol,2001,0.8255599737167358
pol,2002,0.8774799704551697
pol,2003,0.8572700023651123
pol,2004,0.9633600115776062
pol,2005,1.045869946479797
pol,2006,1.307440042495728
pol,2007,1.848629951477051
pol,2008,2.316560029983521
pol,2009,2.707669973373413
pol,2010,2.700939893722534
pol,2011,3.098020076751709
pol,2012,3.381030082702637
pol,2013,3.762860059738159
pol,2014,4.126200199127197
pol,2017,4.84453010559082
pol,2018,4.866000175476074
pol,2019,3.648230075836182
pol,2020,1.493139982223511
pri,2010,9.497389793395996
pri,2011,11.45993995666504
pri,2012,8.955750465393066
pri,2013,6.958809852600098
pri,2014,6.877409934997559
pri,2015,6.948080062866211
pri,2016,11.37759017944336
pri,2018,11.19981956481934
pri,2023,13.92650985717773
pri,2024,14.25003846563539
prk,2009,0.6170200109481812
prt,2014,0.7107999920845032
prt,2015,1.858649969100952
prt,2016,2.29731011390686
prt,2017,2.079639911651611
prt,2018,1.708989977836609
prt,2019,0.7263000011444092
pry,1970,14.24479007720947
pry,1972,27.0297908782959
pry,1975,16.67963027954102
pry,1976,14.62862014770508
pry,1977,12.98978042602539
pry,1978,10.64655017852783
pry,1979,8.957249641418457
pry,1980,6.696800231933594
pry,1981,5.365059852600098
pry,1983,5.016379833221436
pry,1984,5.044360160827637
pry,1985,4.457210063934326
pry,1986,4.938519954681396
pry,1987,3.840440034866333
pry,1988,2.040270090103149
pry,1989,0.7439200282096863
pry,1992,9.266650199890137
pry,1994,5.093420028686523
pry,1996,3.400870084762573
pry,2008,1.567790031433105
pry,2009,2.441240072250366
pry,2010,1.7082200050354
pry,2011,1.696529984474182
pry,2012,1.578415782008854
pry,2016,10.33356249289515
pry,2020,12.05319009563736
pry,2021,12.36186900055007
pry,2022,12.25149560475338
pry,2023,12.74245083479591
pry,2024,13.25799189110633
pse,1999,10.2354097366333
pse,2000,7.22815990447998
pse,2001,7.963180065155029
pse,2002,6.604390144348145
pse,2003,6.618529796600342
pse,2004,6.662189960479736
pse,2005,8.81072998046875
pse,2006,10.33477973937988
pse,2007,11.47912979125977
pse,2008,9.72408962249756
pse,2009,8.333259582519531
pse,2010,6.68110227246826
pse,2011,6.969852550418389
pse,2012,4.616809844970703
pse,2013,5.570472154220081
pse,2014,3.842621871453448
pse,2015,3.922566409523973
pse,2016,3.434112039740879
pse,2017,1.899630604706219
pse,2018,3.185172067764594
pse,2019,4.286253848472247
pse,2020,5.341355599214145
pse,2021,7.345975023173998
pse,2022,9.057796518866544
pse,2023,9.231401533226288
pyf,1983,9.180800437927246
pyf,1984,9.997010231018066
pyf,1985,10.5007495880127
pyf,1989,7.146389961242676
pyf,1990,8.451499938964844
pyf,1993,4.617400169372559
pyf,1995,2.29554009437561
pyf,1996,3.608020067214966
qat,2002,15.72181987762451
qat,2003,17.78797912597656
qat,2004,10.78827953338623
qat,2005,8.985730171203613
qat,2006,10.90439987182617
qat,2007,6.671299934387207
qat,2010,4.693043517312615
qat,2011,3.856833680427947
qat,2012,1.674054139623239
qat,2013,3.861990368001177
qat,2014,5.869784851847558
qat,2015,4.265822978281138
qat,2016,1.661197703035275
qat,2019,1.777396734401392
qat,2020,2.542663789721459
qat,2021,13.02419617817779
qat,2022,8.729181230096646
reu,1985,13.91341018676758
reu,1986,16.30904006958008
reu,1987,16.18931007385254
rou,2000,0.4545899927616119
rou,2001,0.41007000207901
rou,2002,1.26648998260498
rou,2003,4.000790119171143
rou,2004,5.02692985534668
rou,2005,6.881639957427979
rou,2006,6.09188985824585
rou,2007,6.287139892578125
rou,2008,3.225810050964355
rou,2009,1.222180008888245
rou,2010,2.295350074768066
rou,2011,4.009260177612305
rou,2012,6.068830013275146
rou,2015,7.737299919128418
rou,2016,8.784049987792969
rou,2017,9.147390365600586
rou,2018,8.388480186462402
rou,2019,7.597720146179199
rou,2020,8.243849754333496
rou,2021,9.46780014038086
rou,2022,15.54673957824707
rou,2023,15.45238018035889
rus,2006,6.219810009002686
rus,2007,6.567739963531494
rus,2008,4.893320083618164
rus,2009,5.366499900817871
rus,2011,4.89355993270874
rus,2012,3.282730102539063
rus,2013,3.652610063552856
rus,2014,3.335710048675537
rus,2015,2.60381007194519
rus,2016,2.555550098419189
rus,2017,0.4189099967479706
rus,2020,1.596570014953613
rus,2021,2.603339910507202
rus,2022,3.26842999458313
rus,2023,5.588620185852051
rwa,2002,12.22066020965576
rwa,2003,13.38387012481689
rwa,2016,1.156232437151381
rwa,2017,1.187681183382384
rwa,2018,1.262589298587181
rwa,2019,1.260628029188379
rwa,2022,8.13300839425941
sau,1979,12.55694007873535
sau,2013,10.16351937502347
sau,2014,8.427756273588486
sau,2015,5.878185781073587
sau,2020,2.90120005607605
sau,2021,4.036280155181885
sau,2024,0.7594095731200394
sdn,2011,41.85906982421875
sdn,2012,49.77766036987305
sdn,2013,49.2943000793457
sdn,2014,49.87730026245117
sdn,2015,49.15964126586914
sdn,2016,48.02283096313477
sdn,2017,42.79349136352539
sdn,2018,36.51821899414063
sdn,2019,45.70294189453125
sen,1978,65.48220825195312
sen,1979,62.62514877319336
sen,1980,61.43096160888672
sen,1981,60.06906127929688
sen,1982,58.10942077636719
sen,1983,55.91566848754883
sen,1984,55.06949996948242
sen,1985,54.47949981689453
sen,1986,49.37631988525391
sen,1988,49.14765167236328
sen,1990,51.12567901611328
sen,1992,51.34796142578125
sen,1996,46.05273818969727
sen,1997,41.89326858520508
sen,1998,39.68759155273438
sen,1999,40.31259155273438
sen,2000,37.9575309753418
sen,2003,31.54916000366211
sen,2004,34.64643096923828
sen,2005,33.88422012329102
sen,2006,31.72831916809082
sen,2007,29.90188980102539
sen,2008,29.69819068908691
sen,2009,30.0452995300293
sen,2010,29.63395413578245
sen,2011,29.34750274591164
sen,2012,27.01524548331881
sen,2013,27.83237172285323
sen,2014,27.50565494550689
sen,2015,28.01007812235787
sen,2019,30.48881912231445
sen,2020,29.40069961547852
sen,2021,31.87677955627441
sen,2022,32.65916223569388
sen,2023,32.39025951652616
sen,2024,32.89343519717318
sgp,2018,0.2736345551759739
sgp,2021,0.576999933391061
sgp,2022,1.05558073420955
sgp,2023,0.1775051124744376
shn,1998,13.07419967651367
slb,2005,25.12416076660156
slb,2006,20.73550987243652
slb,2007,20.0650806427002
slb,2013,1.984310030937195
slb,2014,2.183470010757446
slb,2015,2.827699899673462
slb,2018,10.33084268826333
slb,2019,14.56532426227828
slb,2023,32.0849692210257
slb,2024,29.51503258117064
sle,1983,45.61199188232422
sle,2011,4.438188023840389
sle,2012,3.772849580162565
slv,1970,35.01926040649414
slv,1998,25.95260047912598
slv,2000,10.56838035583496
slv,2001,8.961750030517578
slv,2002,6.306980133056641
slv,2003,4.931650161743164
slv,2014,7.294896191922
slv,2015,8.299444914546415
slv,2016,9.49405575484382
slv,2017,13.61560064513946
slv,2018,13.02243917935743
slv,2019,15.92358135030516
slv,2020,16.28430510375133
slv,2021,17.22395379749737
slv,2022,17.13292144139169
slv,2023,15.48521020129876
smr,2008,8.304499626159668
smr,2009,8.651689529418945
smr,2010,8.351889610290527
smr,2011,8.866442199775532
smr,2012,7.675438596491229
smr,2018,5.829596412556054
smr,2019,5.975197294250282
smr,2020,5.961754780652419
smr,2021,6.884480746791131
smr,2022,7.239263803680982
smr,2023,7.643312101910828
smr,2024,7.282184655396619
som,1976,78.84192657470703
som,1977,80.27483367919922
som,1978,82.39057922363281
som,1979,82.07357025146484
som,1980,81.83624267578125
srb,2006,0.1632599979639053
srb,2007,1.071900010108948
srb,2008,1.298329949378967
srb,2009,3.026530027389526
srb,2010,4.850319862365723
srb,2011,2.75314998626709
srb,2012,3.826200008392334
srb,2013,3.831589937210083
srb,2014,1.479760050773621
srb,2015,0.8853600025177002
srb,2016,0.880840003490448
srb,2017,1.086699962615967
srb,2018,1.596979975700378
srb,2019,1.757889986038208
srb,2020,2.873140096664429
srb,2021,3.928440093994141
srb,2022,4.095540046691895
ssd,2011,48.06111907958984
ssd,2015,59.0860481262207
ssd,2024,67.82109069824219
stp,1983,5.192269802093506
stp,1984,3.125
stp,1999,20.01158905029297
stp,2002,4.168710231781006
stp,2003,4.164289951324463
stp,2004,2.890170097351074
stp,2005,1.822900056838989
stp,2007,8.799880027770996
stp,2008,7.779600143432617
stp,2009,8.385649681091309
stp,2010,7.573530197143555
stp,2013,7.97346019744873
stp,2014,7.636000156402588
stp,2015,7.480599880218506
stp,2017,2.028949975967407
sur,1977,6.477409839630127
sur,1978,4.256979942321777
sur,1985,7.717249870300293
sur,1987,12.52748012542725
sur,1988,12.23396968841553
sur,1989,7.983359813690186
sur,2005,18.04718017578125
sur,2006,17.92938995361328
sur,2007,21.17902946472168
sur,2008,17.6944694519043
sur,2009,16.28244018554688
sur,2010,17.91571044921875
sur,2011,19.54463958740234
sur,2012,18.19832038879395
sur,2013,17.80842018127441
sur,2014,18.34756088256836
sur,2015,15.83428001403809
sur,2016,14.90289974212646
sur,2017,19.11474990844727
sur,2018,18.97982025146484
sur,2019,17.40472030639648
sur,2020,16.66370010375977
sur,2021,21.59642028808594
svk,2001,0.4104599952697754
svk,2002,1.90936005115509
svk,2003,2.092220067977905
svk,2004,2.368319988250732
svk,2005,2.735889911651611
svk,2006,3.37647008895874
svk,2007,3.181679964065552
svk,2008,3.797990083694458
svk,2009,4.510000228881836
svk,2010,4.861810207366943
svk,2011,5.500529766082764
svk,2012,5.753290176391602
svk,2013,5.980110168457031
svk,2014,6.56063985824585
svk,2015,6.446310043334961
svk,2016,6.906970024108887
svk,2017,6.035019874572754
svk,2018,7.131820201873779
svk,2019,6.106560230255127
svk,2020,5.053219795227051
svk,2021,4.359350204467773
svk,2022,2.933219909667969
svk,2023,1.262339949607849
svn,2000,3.434200048446655
svn,2001,2.361020088195801
svn,2002,2.985470056533813
svn,2003,2.704829931259155
svn,2004,2.956199884414673
svn,2005,1.767019987106323
svn,2006,1.604519963264465
svn,2007,2.700360059738159
svn,2008,2.266710042953491
svn,2009,2.123219966888428
svn,2010,2.129319906234741
svn,2011,2.23294997215271
svn,2012,2.108890056610107
svn,2013,2.11572003364563
svn,2014,1.993059992790222
svn,2015,1.728260040283203
svn,2016,2.353919982910156
svn,2017,2.142060041427612
svn,2018,1.563249945640564
svn,2019,1.312520027160645
svn,2020,0.9853699803352356
svn,2021,1.553390026092529
svn,2022,1.219480037689209
svn,2023,1.553679943084717
swe,2001,0.2360700070858002
swe,2002,0.0566500015556812
swe,2009,0.1503600031137466
swe,2010,0.5156000256538391
swe,2012,0.3545500040054321
swe,2013,0.8553699851036072
swe,2014,1.279579997062683
swe,2015,0.7739499807357788
swe,2019,0.7029200196266174
swe,2020,0.6572099924087524
swe,2021,0.4953300058841705
swe,2022,0.5601400136947632
swe,2023,0.4419600069522858
swz,1970,44.21984100341797
swz,1971,44.0819206237793
swz,1972,41.49903106689453
swz,1973,37.63254928588867
swz,1974,36.33443832397461
swz,1975,33.56512832641602
swz,1976,32.04056167602539
swz,1977,30.14858055114746
swz,1978,29.94783020019531
swz,1979,29.24572944641113
swz,1981,25.2611198425293
swz,1982,26.00703048706055
swz,1983,28.4591007232666
swz,1984,28.17110061645508
swz,1985,27.25865936279297
swz,1986,28.82250022888184
swz,1987,28.70918083190918
swz,1988,28.58950042724609
swz,1989,29.66901016235352
swz,1990,27.8452205657959
swz,1991,27.9044303894043
swz,1992,27.18252944946289
swz,1993,28.46772956848145
swz,1994,28.2039794921875
swz,1995,26.43185997009277
swz,1996,28.41568946838379
swz,2009,19.40727996826172
swz,2010,12.69784539977535
swz,2011,5.640805741880813
swz,2012,11.14115738236885
swz,2013,14.17347064374513
swz,2014,11.65137614678899
swz,2015,10.42993630573248
swz,2016,9.273008587657452
swz,2017,10.40656861106468
swz,2018,8.048586553953674
swz,2019,7.119337248322148
swz,2022,3.008758480183151
syc,1979,18.41245079040527
syc,1993,9.799150466918944
syc,1994,8.728540420532227
syc,1995,8.937740325927734
syc,1996,7.603539943695068
syc,2001,10.21127033233643
syc,2002,4.288380146026611
syc,2003,1.950209975242615
syc,2004,6.847599983215332
syc,2005,2.500530004501343
syc,2019,2.664740085601807
syc,2020,3.147700071334839
syc,2021,5.713719844818115
syc,2022,2.11992731677771
syc,2023,2.286282306163022
syc,2024,7.11851978302002
syr,1971,12.33755970001221
syr,1973,5.018239974975586
syr,1974,3.203490018844604
syr,1975,3.083640098571777
syr,1976,2.11286997795105
syr,1977,2.944370031356812
syr,1978,5.38794994354248
syr,1979,6.178229808807373
syr,1980,6.59315013885498
syr,1981,7.020549774169922
syr,1982,7.594669818878174
syr,1983,7.409870147705078
syr,1984,6.067080020904541
syr,1985,5.175549983978271
syr,1986,4.103950023651123
syr,1987,1.075549960136414
syr,1988,0.98921000957489
syr,1989,0.4880000054836273
syr,1990,0.4237500131130219
syr,1995,1.438210010528564
syr,1996,2.718410015106201
syr,1997,4.109950065612793
syr,1998,3.804500102996826
syr,1999,2.827500104904175
syr,2000,3.305579900741577
syr,2001,4.091360092163086
syr,2002,2.648040056228638
syr,2013,35.31467819213867
syr,2020,33.51504135131836
syr,2021,34.85342025756836
syr,2022,31.30911064147949
syr,2023,26.63871955871582
syr,2024,22.14402961730957
tca,1997,16.87289047241211
tca,1999,11.52678966522217
tca,2000,5.263160228729248
tca,2002,5.581840038299561
tca,2003,21.64948081970215
tca,2004,14.83166980743408
tca,2005,10.6271800994873
tca,2014,8.37173579109063
tca,2015,3.325774754346183
tcd,1975,66.43714904785156
tcd,1977,66.19532775878906
tcd,1988,54.37273025512695
tcd,1997,46.07957077026367
tcd,1998,40.86391830444336
tcd,1999,40.52671813964844
tcd,2000,40.25804138183594
tcd,2001,39.63095855712891
tcd,2002,35.3578987121582
tcd,2003,34.02531051635742
tcd,2011,31.08493041992188
tcd,2013,14.49481964111328
tcd,2015,15.31079587437484
tcd,2016,22.43634078489451
tcd,2017,28.06070254447836
tcd,2018,22.77937415354693
tcd,2019,23.73366067369731
tcd,2021,21.72960912837464
tcd,2022,21.84600067138672
tcd,2023,20.42489433680677
tcd,2024,19.1937951999047
tgo,1971,35.04776000976563
tgo,1972,35.03707122802734
tgo,1978,19.94531059265137
tgo,1979,19.65895080566406
tgo,1980,20.13526916503906
tgo,1982,23.6695499420166
tgo,1983,27.5849609375
tgo,1984,33.69264984130859
tgo,1985,35.50873947143555
tgo,1986,40.33671951293945
tgo,1987,29.1065502166748
tgo,1988,28.71091079711914
tgo,1989,28.1348705291748
tgo,1990,27.41027069091797
tgo,1991,25.33502960205078
tgo,1994,24.52633094787598
tgo,1995,16.7911491394043
tgo,1996,9.467129707336426
tgo,1997,13.53234958648682
tgo,1999,2.064199924468994
tgo,2001,6.159810066223145
tgo,2002,2.487489938735962
tgo,2003,6.341070175170898
tgo,2004,4.189700126647949
tgo,2005,5.411180019378662
tgo,2006,2.763400077819824
tgo,2007,7.668449878692627
tgo,2008,6.719039916992188
tgo,2014,6.513302152570698
tgo,2015,5.332739551207061
tgo,2016,8.399539947509766
tgo,2017,7.051637375417087
tgo,2018,7.891959374698447
tgo,2019,7.810360011428
tgo,2020,3.796586253061413
tgo,2021,2.587892916933957
tha,2006,3.769170045852661
tha,2007,4.308670043945313
tha,2008,5.549310207366943
tha,2009,6.973400115966797
tha,2024,0.028973304611716
tha,2025,0.3979794344792009
tjk,2011,1.521829962730408
tjk,2012,6.148399829864502
tjk,2013,7.307390213012695
tjk,2014,7.271309852600098
tjk,2015,5.740200042724609
tjk,2016,4.021679878234863
tjk,2017,1.738309979438782
tkl,2016,14.5454540824102
tkl,2019,16.6666686845322
tkl,2020,21.31147749543793
tkl,2021,18.80342306400333
tkl,2023,37.83783968206963
tkl,2024,66.3636367509434
tkl,2025,61.0619481503893
tkm,2022,1.796169996261597
tkm,2023,2.550570011138916
tkm,2024,4.261853000225715
tls,2008,11.71290016174316
tls,2009,7.337810039520264
tls,2010,6.894481841958582
tls,2011,4.863060149199228
tls,2012,7.484535447933443
tls,2013,7.82586661260896
tls,2014,9.231560062088011
tls,2015,9.436090604195831
tls,2016,9.76267201718652
tls,2017,7.160468461064311
tls,2018,7.467789684359754
tls,2019,7.923188298580654
tls,2020,7.154891130494125
tls,2023,9.009570121765137
tto,1971,9.864870071411133
tto,1972,9.094599723815918
tto,1973,9.158479690551758
tto,1974,9.308989524841309
tto,1975,9.150790214538574
tto,1976,7.700049877166748
tto,1977,7.748089790344238
tto,1978,11.21942043304443
tto,1979,16.41032028198242
tto,1980,18.80340003967285
tto,1981,13.82211971282959
tto,1982,11.07065963745117
tto,1983,11.67148017883301
tto,1984,11.69715023040771
tto,1985,11.69032001495361
tto,1986,14.11328983306885
tto,1987,12.47299957275391
tto,1988,11.78505039215088
tto,1989,12.25148010253906
tto,1990,14.14836025238037
tto,1991,11.85326957702637
tto,1992,11.32322025299072
tto,1993,11.86196041107178
tto,1996,12.89638996124268
tto,1997,13.95742034912109
tto,1999,5.09630012512207
tto,2000,3.673239946365356
tto,2001,4.482900142669678
tto,2002,10.2837495803833
tto,2003,8.863180160522461
tto,2004,6.875219821929932
tto,2005,9.886590003967283
tto,2007,2.336669921875
tto,2008,8.314129829406738
tto,2009,6.076029777526855
tto,2010,5.696239948272705
tto,2023,30.01300048828125
tun,1971,6.480929851531982
tun,1975,12.55504989624023
tun,1978,14.04963970184326
tun,1979,13.31783008575439
tun,1980,11.40476036071777
tun,1981,10.49038982391357
tun,1982,9.348569869995115
tun,1983,7.425270080566406
tun,1984,5.589940071105957
tun,1985,5.874770164489746
tun,1986,5.811620235443115
tun,1987,5.907790184020996
tun,1988,6.249949932098389
tun,1989,5.685929775238037
tun,1990,6.375879764556885
tun,1991,5.421919822692871
tun,1992,5.132969856262207
tun,1993,4.417620182037354
tun,1994,4.28695011138916
tun,1995,3.735569953918457
tun,1996,4.192860126495361
tun,1997,4.963560104370117
tun,1999,5.054609775543213
tun,2000,4.643799781799316
tun,2001,4.29380989074707
tun,2002,2.135040044784546
tun,2003,1.684239983558655
tun,2004,1.580989956855774
tun,2005,3.31862998008728
tun,2006,3.709640026092529
tun,2007,4.734799861907959
tun,2008,4.770989894866943
tun,2009,4.7776198387146
tun,2010,3.973639965057373
tun,2011,3.913660049438477
tun,2020,2.714560031890869
tun,2021,2.626199960708618
tun,2022,2.300349950790405
tun,2023,1.686589956283569
tur,2014,0.349480003118515
tur,2015,1.459910035133362
tur,2016,2.002419948577881
tur,2017,0.9057300090789796
tuv,2016,1.941750049591064
tuv,2019,8.205841446453407
tza,1981,31.54976081848145
tza,1982,37.63050842285156
tza,1983,39.8831787109375
tza,1985,47.08694839477539
tza,1986,49.02196884155273
tza,1987,50.11291885375977
tza,1988,51.7081413269043
tza,1989,51.28781127929688
tza,1990,51.48870849609375
tza,1991,51.60604095458984
tza,1992,50.85124969482422
tza,1993,51.2406005859375
tza,1994,52.22071075439453
tza,1995,52.00025939941406
tza,1996,51.56906890869141
tza,1997,50.88679122924805
tza,1998,51.24485015869141
tza,1999,50.64667129516602
tza,2000,46.74563980102539
tza,2001,41.30556106567383
tza,2002,25.44170951843262
tza,2003,16.62244033813477
tza,2004,12.68245029449463
tza,2005,8.622750282287598
tza,2006,3.958050012588501
tza,2008,3.469650030136108
tza,2010,10.42636013031006
tza,2011,11.64398358672677
tza,2012,14.52508953807106
tza,2013,17.41831821963475
tza,2014,19.10367965698242
tza,2015,21.21603012084961
tza,2016,17.06094932556152
tza,2017,16.45047950744629
tza,2018,18.25539326396913
tza,2019,15.66766922440618
tza,2020,14.81591372812103
tza,2021,14.46037297261343
tza,2022,15.22146984312421
tza,2023,16.56989980461751
tza,2024,19.19163733150167
uga,1979,61.32950973510742
uga,1981,57.70117950439453
uga,1982,56.78237152099609
uga,1986,40.59637832641602
uga,2009,5.941790103912354
uga,2010,9.542460441589355
uga,2011,6.181859970092773
uga,2013,4.814760208129883
ukr,2002,1.986340045928955
ukr,2003,8.07783031463623
ukr,2004,7.929279804229736
ukr,2005,7.427000045776367
ukr,2006,7.499070167541504
ukr,2007,7.420899868011475
ukr,2008,7.817729949951172
ukr,2009,8.46658992767334
ukr,2010,8.880881836620771
ukr,2011,9.67937605120337
ukr,2012,10.88479245094089
ukr,2013,11.24205017376294
ukr,2014,11.98612306131004
ukr,2015,16.66635168140983
ukr,2016,16.69652728290341
ukr,2017,16.85353706824189
ukr,2018,17.18503579959604
ukr,2019,16.51599032298861
ukr,2020,16.4701949883573
ukr,2021,15.93617434419046
ury,2005,0.176939994096756
ury,2006,2.283030033111572
ury,2007,4.973820209503174
ury,2008,3.243580102920532
ury,2009,2.6110999584198
ury,2010,1.848189949989319
ury,2011,1.07500828891326
ury,2012,1.245650571084867
ury,2013,0.3294546934168127
ury,2015,0.5529183299169274
usa,2005,0.8478000164031982
usa,2013,2.665260076522827
usa,2015,1.698950052261353
usa,2016,0.2918800115585327
usa,2018,0.5153200030326843
usa,2019,0.98131000995636
usa,2020,1.96835994720459
usa,2021,4.029019832611084
usa,2022,4.170070171356201
uzb,2007,5.132709980010986
uzb,2008,2.68917989730835
uzb,2009,2.090019941329956
uzb,2010,2.813106828557626
uzb,2011,3.85634987031347
uzb,2012,4.348369669198085
uzb,2013,4.279491863650892
uzb,2014,2.337442586774733
uzb,2015,1.896879213803128
uzb,2016,1.24304841063299
uzb,2017,1.394975156338919
uzb,2019,1.506586900968906
uzb,2020,1.076295572644439
uzb,2021,1.488257772319146
uzb,2022,4.029288143168182
uzb,2023,4.923507605343422
vct,1984,10.94363975524902
vct,1986,9.176759719848633
vct,1994,3.036289930343628
vct,2000,1.097489953041077
vct,2004,3.553489923477173
vct,2005,6.749289989471436
vct,2007,2.903059959411621
ven,1999,13.01733016967773
ven,2000,10.71415996551514
ven,2001,8.88718032836914
ven,2002,5.392409801483154
ven,2003,7.133530139923096
ven,2004,6.968389987945557
ven,2005,7.892499923706055
ven,2006,7.738080024719238
ven,2007,6.240489959716797
ven,2008,8.568479537963867
ven,2009,6.928470134735107
ven,2010,6.383140087127686
ven,2011,6.152369976043701
ven,2012,5.036439895629883
ven,2013,5.69734001159668
ven,2014,7.329150199890137
ven,2015,7.371930122375488
ven,2016,9.771479606628418
ven,2017,11.71644973754883
vgb,1983,14.65797996520996
vgb,1984,13.15217018127441
vgb,1985,6.550220012664795
vgb,1990,2.093719959259033
vgb,1991,1.268290042877197
vgb,1994,2.607079982757568
vgb,2000,14.91934967041016
vgb,2001,9.154930114746094
vgb,2003,0.7651100158691406
vgb,2005,8.744389533996582
vgb,2006,10.98009967803955
vgb,2012,4.379084967320261
vgb,2013,6.946182728410514
vgb,2014,6.942823803967328
vgb,2015,8.393956351426974
vgb,2016,10.27173913043478
vgb,2017,5.125219821929932
vgb,2018,24.65172622652938
vgb,2019,17.70451770451771
vgb,2020,3.593947036569987
vgb,2021,9.163346613545816
vgb,2022,24.98307037353516
vgb,2023,16.1022805805114
vgb,2024,24.03433036804199
vnm,2021,0.1424699407335983
vut,1981,22.02796936035156
vut,1989,16.26807022094727
vut,1999,8.529959678649902
vut,2000,5.993060111999512
vut,2001,5.018909931182861
vut,2002,3.718440055847168
vut,2003,3.453569889068604
vut,2004,4.043859958648682
vut,2022,1.542102164772994
vut,2023,3.209748031978568
vut,2024,2.987634890178435
wsm,1994,6.241950035095215
wsm,1998,6.745029926300049
wsm,1999,7.114809989929199
wsm,2007,5.002970218658447
wsm,2009,2.852530002593994
wsm,2012,3.069698788831359
wsm,2018,1.022706795569545
wsm,2019,2.119573135187102
wsm,2020,0.9717299938201904
wsm,2022,0.3692762078155593
wsm,2023,2.974784029419033
wsm,2024,0.658336710549844
yem,1999,37.22829055786133
yem,2003,24.91687965393066
yem,2004,22.81627082824707
yem,2005,22.57068061828613
yem,2008,27.50464057922363
yem,2010,23.57036972045898
yem,2012,22.12001991271973
yem,2013,22.37980079650879
yem,2016,26.54034042358398
zaf,1970,33.75682830810547
zaf,1991,16.69277954101563
zaf,1994,17.88142013549805
zaf,1995,19.3110294342041
zaf,1998,20.00958061218262
zaf,1999,18.75040054321289
zaf,2000,19.15325927734375
zaf,2001,18.40044021606445
zaf,2002,16.97006988525391
zaf,2003,15.59877967834473
zaf,2004,14.70351982116699
zaf,2005,14.43712997436523
zaf,2017,8.867170333862305
zaf,2018,10.33360944077758
zaf,2019,9.269355518622891
zaf,2020,9.031580811869636
zaf,2021,7.269463004167856
zaf,2022,5.928096333772189
zaf,2023,6.180810837852117
zmb,1972,16.91846084594727
zmb,1976,15.97579956054688
zmb,1977,16.61057090759277
zmb,1978,18.32768058776855
zmb,1979,19.31187057495117
zmb,1980,19.53019905090332
zmb,1981,19.5037899017334
zmb,1982,19.41860008239746
zmb,1983,17.62466049194336
zmb,1984,16.28709983825684
zmb,1986,15.09601020812988
zmb,1988,16.74115943908691
zmb,1994,22.57920074462891
zmb,1995,24.83151054382324
zmb,1998,28.16175079345703
zmb,1999,29.53652954101563
zmb,2000,30.27592086791992
zmb,2001,30.95350074768066
zmb,2002,27.74386024475098
zmb,2004,15.38323020935059
zmb,2005,7.571919918060303
zmb,2006,10.02054977416992
zmb,2007,6.331840038299561
zmb,2009,9.313610076904297
zmb,2010,11.80548340371957
zmb,2011,7.727675763845215
zmb,2012,6.602640151977539
zmb,2013,9.271507117937064
zmb,2017,15.87534844535586
zwe,1998,13.69567012786865
zwe,1999,9.19066047668457
zwe,2000,5.580639839172363
zwe,2001,2.01471996307373
zwe,2002,4.847630023956299
zwe,2003,6.508240222930908
zwe,2012,9.467729568481444
zwe,2013,10.7298301052691
zwe,2014,11.08061001857801
zwe,2015,19.74346923828125
zwe,2016,18.34827995300293
zwe,2017,20.58513069152832
zwe,2018,19.93666076660156
zwe,2019,19.64015960693359
zwe,2020,17.86458015441895
zwe,2021,10.48417198640965
zwe,2022,9.158802332751552
zwe,2023,10.15709344777191
zwe,2024,11.4161261757174
