country,year,cr_2_rur_q5
afg,2011,36.24988174438477
afg,2015,64.23798370361328
afg,2022,50.55352020263672
ago,2023,55.27590179443359
alb,2017,94.91059112548828
arm,2018,95.64
bdi,2000,9.259260177612305
bdi,2010,20.31723022460938
bdi,2017,35.09012985229492
ben,2006,41.3925895690918
ben,2011,66.0430679321289
ben,2014,59.11988067626953
ben,2017,34.67187881469727
ben,2021,44.95589065551758
bfa,2003,10.46595001220703
bfa,2006,24.76481056213379
bfa,2010,13.73085021972656
bfa,2019,34.11
bfa,2021,55.30643844604492
bgd,2004,69.0
bgd,2006,81.66272735595703
bgd,2007,75.02
bgd,2011,79.00169372558594
bgd,2013,82.0
bgd,2014,81.92915344238281
bgd,2019,87.07267761230469
bgd,2022,87.41934967041016
bih,2012,100.0
blz,2011,71.27
blz,2015,86.37413024902344
bol,2000,65.3
bol,2001,60.0
bol,2002,64.6
bol,2003,85.23554229736328
bol,2004,76.8
bol,2005,87.0
bol,2006,91.0
bol,2007,95.0
bol,2009,80.3
bol,2011,79.2
bol,2012,85.6
bol,2013,82.0
bol,2014,65.9
bol,2015,88.8
bol,2016,83.3
bol,2017,96.1
bol,2018,84.4
bol,2019,91.0
bol,2020,85.9
bol,2021,91.9
bra,2001,57.4
bra,2002,64.3
bra,2003,69.5
bra,2004,65.3
bra,2005,69.3
bra,2006,74.0
bra,2007,74.0
bra,2008,79.0
bra,2009,82.9
bra,2011,77.6
bra,2012,80.4
bra,2013,84.6
bra,2014,87.7
bra,2015,84.4
bra,2016,87.1
bra,2017,88.0
bra,2018,89.6
bra,2019,89.2
bra,2020,90.7
bra,2021,92.9
bra,2022,93.8
bra,2023,91.8
btn,2010,73.12361907958984
caf,2006,10.58580017089844
caf,2010,8.990360260009766
can,2010,100.0
chl,2000,89.9
chl,2003,94.7
chl,2006,97.3
chl,2009,97.5
chl,2011,97.1
chl,2013,97.6
chl,2015,98.3
chl,2017,99.2
chl,2020,99.1
chl,2022,100.0
chn,2010,85.45
chn,2012,83.54
chn,2014,76.42999999999999
chn,2016,80.35
civ,2006,25.6474609375
civ,2016,33.87741088867188
civ,2021,60.82590866088867
cmr,2004,44.5925407409668
cmr,2006,57.17634963989258
cmr,2011,44.78226089477539
cmr,2018,82.60848999023438
cod,2010,49.29674911499023
cod,2013,70.30372619628906
cog,2012,55.14360046386719
col,2002,52.4
col,2003,44.0
col,2004,47.1
col,2008,54.1
col,2009,54.2
col,2011,60.3
col,2012,63.1
col,2013,66.8
col,2014,70.1
col,2016,76.6
col,2017,71.9
col,2018,65.9
col,2019,68.6
col,2020,77.8
col,2021,79.0
col,2022,71.5
col,2023,74.3
com,2012,59.08451080322266
com,2022,66.41864776611328
cri,2000,37.76
cri,2001,46.73
cri,2002,51.0
cri,2003,55.6
cri,2004,62.2
cri,2005,59.8
cri,2006,57.8
cri,2007,58.8
cri,2008,63.3
cri,2009,72.8
cri,2010,72.6
cri,2011,89.8965072631836
cri,2012,74.5
cri,2013,75.6
cri,2014,77.7
cri,2015,75.4
cri,2016,81.9
cri,2017,79.9
cri,2019,88.2
cri,2020,92.2
cri,2021,94.2
cri,2022,98.2
cri,2023,96.8
dom,2000,68.1
dom,2001,61.9
dom,2002,62.0
dom,2003,73.7
dom,2004,75.1
dom,2005,77.4
dom,2006,74.6
dom,2007,90.48580932617188
dom,2008,80.1
dom,2009,85.4
dom,2010,88.0
dom,2011,87.7
dom,2012,86.2
dom,2013,91.40226745605467
dom,2014,96.10518646240234
dom,2015,87.6
dom,2016,82.0
dom,2017,88.3
dom,2018,80.2
dom,2019,93.16471862792967
dom,2020,90.8
dom,2021,97.0
dom,2022,91.3
dom,2023,89.3
dza,2013,64.59800720214844
dza,2019,80.83336639404297
ecu,2001,46.9
ecu,2003,45.2
ecu,2005,52.4
ecu,2006,59.7
ecu,2007,61.6
ecu,2008,60.9
ecu,2009,65.7
ecu,2010,71.5
ecu,2011,75.9
ecu,2012,80.7
ecu,2013,80.8
ecu,2014,89.5
ecu,2015,84.8
ecu,2016,87.0
ecu,2017,92.4
ecu,2018,91.4
ecu,2019,89.0
ecu,2020,89.3
ecu,2021,94.1
ecu,2022,94.0
ecu,2023,96.8
egy,2005,93.3860092163086
egy,2009,97.05267333984376
egy,2015,90.38
egy,2017,87.68
egy,2021,95.2326889038086
eth,2005,12.25152969360352
eth,2011,29.1359806060791
eth,2016,30.33667945861816
eth,2019,42.74264907836914
gab,2012,44.72420120239258
gab,2017,67.25999999999999
gha,2009,69.45482635498047
gha,2017,79.70675659179688
gha,2022,76.79324340820312
gin,2016,34.31064987182617
gin,2018,37.93249893188477
gmb,2006,54.73519134521484
gmb,2010,29.12607955932617
gnb,2014,39.49834823608398
gtm,2000,22.5
gtm,2006,34.7
gtm,2011,62.59
gtm,2014,56.1
gtm,2015,86.58936309814453
guy,2006,89.79003143310547
guy,2009,92.4814910888672
guy,2014,93.25238800048828
guy,2019,96.66352081298828
hnd,2001,22.7
hnd,2004,22.5
hnd,2005,35.3
hnd,2006,60.28
hnd,2009,49.4
hnd,2010,51.6
hnd,2011,76.01146697998047
hnd,2012,51.2
hnd,2013,61.0
hnd,2014,41.1
hnd,2015,53.9
hnd,2016,60.0
hnd,2018,50.6
hnd,2019,84.18064880371094
hnd,2023,50.0
hti,2005,46.5473518371582
hti,2012,46.97491836547852
hti,2017,64.61427307128906
idn,2003,88.7913818359375
idn,2008,92.97344970703124
idn,2012,89.33
idn,2017,97.09343719482422
ind,2005,81.85
ind,2006,89.87288665771484
ind,2011,88.89
ind,2016,96.40313720703124
ind,2019,96.94339752197266
irq,2011,57.95803833007813
irq,2018,81.70561218261719
isr,2013,100.0
isr,2015,100.0
isr,2017,100.0
isr,2018,100.0
jam,2022,98.60292053222656
jor,2007,91.9622802734375
jor,2012,97.61
jor,2013,98.51
jor,2023,100.0
kaz,2024,100.0
ken,2003,65.4327621459961
ken,2008,92.1640167236328
ken,2014,92.77842712402344
ken,2022,89.71099853515625
khm,2005,54.57159042358398
khm,2010,61.32946014404297
khm,2014,54.24034881591797
khm,2021,85.4063720703125
lao,2006,71.86387634277344
lao,2012,64.74598693847656
lao,2017,87.83541870117188
lao,2023,78.83354187011719
lbr,2007,19.01165008544922
lbr,2013,13.93797969818115
lbr,2019,33.48947143554688
lca,2012,97.0444564819336
lka,2006,96.46920776367188
lso,2005,41.93991851806641
lso,2009,50.53707885742188
lso,2014,44.47209167480469
lso,2018,66.86482238769531
lso,2024,86.4452133178711
mdg,2004,44.89
mdg,2009,35.77127075195313
mdg,2018,67.51239776611328
mdg,2021,55.68365097045898
mex,2000,67.3
mex,2002,61.2
mex,2004,83.4
mex,2006,80.8
mex,2008,76.6
mex,2010,81.9
mex,2012,83.0
mex,2014,86.3
mex,2016,86.8
mex,2018,86.3
mex,2020,90.2
mex,2022,89.1
mli,2006,34.22444915771484
mli,2010,45.26
mli,2013,39.02080917358398
mli,2015,55.08969116210938
mli,2018,61.68492126464844
mli,2024,50.15018081665039
mmr,2016,61.1369514465332
mne,2013,100.0
moz,2003,10.54158973693848
moz,2008,27.26765060424805
moz,2011,30.06586074829102
moz,2015,28.24
moz,2022,65.26437377929688
mrt,2011,54.29893112182617
mwi,2004,44.18540954589844
mwi,2010,47.818359375
mwi,2014,42.33
mwi,2015,44.69047164916992
mwi,2020,53.09577178955078
nam,2007,72.52448272705078
nam,2013,70.50074005126953
nam,2015,76.46
ner,2006,4.640820026397705
ner,2012,3.728569984436035
ner,2018,25.65
nga,2003,74.9686508178711
nga,2007,80.30201721191406
nga,2008,82.56355285644531
nga,2011,87.5460433959961
nga,2013,93.20352172851564
nga,2016,91.86683654785156
nga,2018,94.41162109375
nga,2021,93.72189331054688
nic,2001,25.8
nic,2005,31.2
nic,2009,26.5
nic,2014,37.6
npl,2007,75.98494720458984
npl,2011,88.96556854248047
npl,2014,85.1270523071289
npl,2016,76.07679748535156
npl,2021,93.33838653564452
pak,2007,77.35733032226562
pak,2012,77.66813659667969
pak,2018,88.12481689453125
pan,2000,72.9
pan,2001,67.9
pan,2002,71.4
pan,2003,68.9
pan,2004,77.2
pan,2005,75.8
pan,2006,76.9
pan,2007,80.3
pan,2008,78.3
pan,2009,79.2
pan,2011,84.6
pan,2013,82.8
pan,2014,87.8
pan,2015,82.1
pan,2016,87.5
pan,2017,91.4
pan,2018,89.8
pan,2019,90.4
pan,2021,94.6
pan,2022,97.7
pan,2023,96.1
per,2000,56.5
per,2001,62.0
per,2002,64.5
per,2003,70.8
per,2004,72.9
per,2005,74.8
per,2006,70.8
per,2007,75.3
per,2008,78.2
per,2009,79.1
per,2010,81.2
per,2011,79.8
per,2012,82.3
per,2013,82.9
per,2014,83.9
per,2015,87.2
per,2016,86.4
per,2017,85.9
per,2018,88.4
per,2019,91.0
per,2020,91.8
per,2021,92.6
per,2022,93.2
per,2023,96.4
phl,2004,83.9606704711914
phl,2008,89.69
phl,2013,93.25
phl,2017,95.45684051513672
phl,2022,95.005126953125
png,2018,76.12386322021484
pry,2001,50.0
pry,2002,53.8
pry,2003,55.1
pry,2004,59.9
pry,2005,65.0
pry,2006,65.6
pry,2007,64.4
pry,2008,61.8
pry,2009,73.5
pry,2010,61.7
pry,2011,86.5
pry,2012,71.8
pry,2013,83.4
pry,2014,56.9
pry,2015,73.8
pry,2017,82.9
pry,2018,83.1
pry,2019,72.61553192138672
pry,2020,81.2
pry,2021,82.1
pry,2022,86.8
pry,2023,79.0
pry,2024,87.22532653808594
pse,2010,93.57
pse,2014,94.08805084228516
pse,2017,94.02
pse,2019,94.5493621826172
rus,2013,100.0
rwa,2010,27.1955509185791
rwa,2015,42.09622955322266
rwa,2020,45.80569076538086
sdn,2014,90.6380615234375
sen,2005,3.209280014038086
sen,2011,4.833330154418945
sen,2014,49.5
sen,2015,15.58471965789795
sen,2016,18.11842918395996
sen,2017,31.29072952270508
sen,2018,41.43312835693359
sen,2019,16.2426700592041
sen,2023,38.80984115600586
sle,2008,23.65151977539063
sle,2010,45.59
sle,2013,46.90861892700195
sle,2017,56.98873138427734
sle,2019,73.95059967041016
slv,2000,52.4
slv,2001,53.6
slv,2002,54.7
slv,2003,51.6
slv,2004,58.6
slv,2005,64.3
slv,2006,63.0
slv,2007,62.0
slv,2009,64.0
slv,2010,63.3
slv,2012,73.0
slv,2013,72.1
slv,2014,73.4
slv,2015,75.9
slv,2016,75.1
slv,2017,76.7
slv,2018,73.5
slv,2019,75.6
slv,2020,78.8
slv,2021,79.4
slv,2022,73.9
slv,2023,86.9
ssd,2010,21.55024909973145
stp,2009,49.15671920776367
stp,2019,84.73921966552734
sur,2010,65.89530944824219
sur,2018,73.54203796386719
swz,2006,65.4007568359375
swz,2010,58.59593963623047
swz,2014,81.48507690429688
swz,2022,69.57330322265625
syr,2006,76.5486831665039
tcd,2004,6.591300010681152
tcd,2010,20.39
tcd,2014,14.37384986877441
tcd,2019,21.88583946228027
tgo,2017,80.40788269042969
tha,2013,96.87255859375
tha,2016,96.18138885498048
tha,2019,98.74539947509766
tha,2022,99.46694183349608
tjk,2006,97.02646636962892
tjk,2012,95.72825622558594
tjk,2017,98.16255950927734
tjk,2023,100.0
tls,2009,63.40612030029297
tls,2016,82.73345184326172
ton,2019,100.0
tto,2011,100.0
tto,2022,99.56961059570312
tun,2021,81.35379791259766
tur,2004,86.047119140625
tza,2004,17.85560989379883
tza,2010,34.70521926879883
tza,2015,56.69451141357422
tza,2022,51.08934020996094
uga,2006,29.3015308380127
uga,2011,44.65552139282227
uga,2016,44.43886184692383
ury,2008,73.6
ury,2009,79.7
ury,2010,73.8
ury,2011,75.3
ury,2012,81.4
ury,2014,68.5
ury,2015,80.5
ury,2016,76.2
ury,2017,85.9
ury,2018,84.9
ury,2019,88.5
ury,2021,77.4
ury,2022,90.7
ury,2023,91.0
uzb,2006,100.0
uzb,2022,93.74086761474608
vnm,2011,94.29266357421876
vnm,2014,97.56725311279295
vnm,2021,96.02731323242188
vut,2007,63.23862075805664
vut,2023,70.45572662353516
wsm,2019,96.6701202392578
yem,2006,47.99489974975586
yem,2013,57.59138107299805
yem,2023,61.2878303527832
zmb,2001,73.1906967163086
zmb,2007,80.03450775146484
zmb,2013,82.07858276367188
zmb,2018,88.2883529663086
zmb,2024,78.82582092285156
zwe,2005,91.65705108642578
zwe,2010,85.61457061767578
zwe,2014,93.62
zwe,2015,89.59581756591797
