country,year,xunit_gdpcap_3_fsgov_ffntr
ABW,1999,14.08714008331299
ABW,2002,18.88532066345215
AFG,2010,13.98373985290527
AFG,2011,11.17928981781006
AFG,2012,7.489850044250488
AFG,2013,8.925140380859375
AFG,2014,9.720040321350098
AFG,2015,8.437529563903809
AFG,2016,11.61184024810791
AFG,2017,11.10414981842041
AIA,2002,35.59579849243164
AIA,2008,52.91783142089844
ALB,2013,4.009260177612305
ALB,2015,3.132270097732544
ALB,2016,6.135439872741699
ALB,2017,3.440840005874634
ALB,2019,4.440899848937988
ALB,2022,2.766030073165894
AND,2002,11.19935989379883
AND,2004,13.19209957122803
AND,2005,13.57596015930176
AND,2006,10.1744499206543
AND,2007,11.07065010070801
AND,2013,9.9308500289917
AND,2014,8.904430389404297
AND,2015,13.22513008117676
AND,2016,12.26373958587646
AND,2017,13.36318016052246
AND,2018,13.93947982788086
AND,2019,13.65470027923584
AND,2022,12.57557010650635
AND,2023,10.12991046905518
ARE,1998,9.744020462036133
ARE,2019,28.08695030212402
ARE,2020,28.88492012023926
ARG,1998,16.6745491027832
ARG,1999,19.41180038452148
ARG,2000,17.02914047241211
ARG,2001,17.7992992401123
ARG,2002,24.12113952636719
ARG,2003,13.07711982727051
ARG,2004,13.78606986999512
ARG,2005,17.08193969726563
ARG,2006,17.3555793762207
ARG,2007,18.59757995605469
ARG,2008,19.82670021057129
ARG,2009,23.82288932800293
ARG,2010,20.67680931091309
ARG,2011,20.87021064758301
ARG,2012,21.22036933898926
ARG,2013,22.17172050476074
ARG,2014,22.05941963195801
ARG,2015,23.75852012634277
ARG,2016,22.39472961425781
ARG,2017,21.36494064331055
ARG,2018,17.45035934448242
ARG,2019,18.43901062011719
ARG,2020,20.65508079528809
ARG,2021,16.91286087036133
ARG,2022,17.96352005004883
ARM,2013,16.91041946411133
ARM,2014,19.59716033935547
ARM,2020,16.08696937561035
ARM,2021,11.90775966644287
ARM,2022,11.37930965423584
ARM,2023,1.055230021476746
AUS,2020,15.27707004547119
AUS,2021,15.19112968444824
AUT,1998,28.57144927978516
AUT,1999,27.40522003173828
AUT,2000,24.13425064086914
AUT,2001,25.98967933654785
AUT,2002,26.09090995788574
AUT,2003,28.03207015991211
AUT,2004,27.57500076293945
AUT,2005,24.96361923217773
AUT,2006,25.40241050720215
AUT,2007,25.11930084228516
AUT,2008,25.76485061645508
AUT,2009,29.15694999694824
AUT,2010,27.5305004119873
AUT,2011,29.4134407043457
AUT,2012,23.86677932739258
AUT,2013,24.41172981262207
AUT,2014,23.77346992492676
AUT,2015,24.00614929199219
AUT,2016,24.37686920166016
AUT,2017,23.96500968933105
AUT,2018,23.32165908813477
AUT,2019,22.93712997436523
AUT,2020,23.98110961914063
AUT,2021,23.49082946777344
AZE,2019,11.9483003616333
AZE,2020,20.58917045593262
AZE,2021,16.97061920166016
AZE,2022,13.63255977630615
BEL,2013,25.16847991943359
BEL,2014,26.88278961181641
BEL,2015,24.48080062866211
BEL,2016,24.23418045043945
BEL,2017,24.43588066101074
BEL,2018,23.91017913818359
BEL,2019,23.57884979248047
BEL,2020,26.34161949157715
BEL,2021,24.35671043395996
BEN,2013,10.71568012237549
BFA,2007,44.62239837646484
BFA,2010,35.55873870849609
BFA,2011,18.0058708190918
BFA,2012,17.14055061340332
BFA,2013,15.27610015869141
BFA,2014,16.37985038757324
BFA,2015,18.82020950317383
BFA,2016,40.47705841064453
BGD,2011,14.92630004882813
BGD,2012,13.94499015808105
BGD,2016,11.16934967041016
BGD,2019,9.009079933166504
BGD,2020,7.554830074310303
BGR,1998,15.50806045532227
BGR,2001,19.98296928405762
BGR,2002,19.64702987670898
BGR,2003,20.80595970153809
BGR,2005,21.09721946716309
BGR,2006,19.76449012756348
BGR,2007,18.95270919799805
BGR,2008,21.76935958862305
BGR,2009,21.98199081420898
BGR,2010,21.23303031921387
BGR,2011,18.5944995880127
BGR,2012,17.13997077941895
BGR,2013,19.95663070678711
BGR,2017,18.77773094177246
BGR,2018,18.7159595489502
BGR,2019,20.03033065795898
BGR,2020,22.78510093688965
BGR,2021,24.01440048217773
BHR,2013,16.84671020507813
BHR,2014,17.09803009033203
BHR,2015,18.82163047790527
BIH,2016,29.069580078125
BIH,2018,26.84645080566406
BIH,2019,28.40564918518066
BIH,2021,29.8436107635498
BLZ,1999,12.63924026489258
BLZ,2000,11.30214977264404
BLZ,2004,14.03810977935791
BLZ,2005,21.47616004943848
BLZ,2006,19.37336921691895
BLZ,2008,22.2463493347168
BLZ,2009,25.22347068786621
BLZ,2010,28.22183990478516
BLZ,2012,27.1009407043457
BLZ,2013,12.49915981292725
BLZ,2014,21.88146018981934
BLZ,2015,27.79854011535645
BLZ,2016,27.82863998413086
BLZ,2017,29.82704925537109
BLZ,2018,32.26332855224609
BLZ,2019,29.17044067382813
BLZ,2020,31.0841007232666
BLZ,2021,22.58489990234375
BLZ,2022,18.72089958190918
BLZ,2023,17.73442077636719
BMU,2004,13.62969017028809
BMU,2005,15.34117984771729
BMU,2010,16.8661994934082
BMU,2014,12.17125988006592
BMU,2015,12.20672988891602
BOL,2006,9.962129592895508
BOL,2007,10.90701007843018
BOL,2008,11.06272983551025
BOL,2009,12.67698001861572
BOL,2010,11.19954967498779
BOL,2011,12.31177997589111
BOL,2012,13.44050025939941
BOL,2013,15.55683040618896
BOL,2014,19.08643913269043
BOL,2015,20.64423942565918
BOL,2016,21.6927604675293
BOL,2017,22.67938995361328
BOL,2018,22.61425018310547
BOL,2019,23.1753101348877
BOL,2020,24.14743041992188
BOL,2021,22.71245956420898
BOL,2022,22.34737968444824
BRA,2002,10.47084999084473
BRA,2004,8.538169860839844
BRA,2005,9.479000091552734
BRA,2007,14.17234992980957
BRA,2008,15.39039993286133
BRA,2009,15.62674999237061
BRA,2010,17.84173965454102
BRA,2011,21.23358917236328
BRA,2012,19.7933292388916
BRA,2013,20.74567985534668
BRA,2014,20.67530059814453
BRA,2015,22.0191593170166
BRA,2016,24.73222923278809
BRA,2017,23.4795093536377
BRA,2018,22.87426948547363
BRA,2019,22.68718910217285
BRA,2020,21.41794013977051
BRA,2021,21.18272972106934
BRB,1999,17.40562057495117
BRB,2001,25.19050979614258
BRB,2002,25.32135009765625
BRB,2003,27.69113922119141
BRB,2019,46.02162933349609
BRN,2016,25.23225021362305
BTN,2009,67.24072265625
BTN,2010,47.18712997436523
BTN,2011,53.0123405456543
BTN,2015,31.14150047302246
BWA,2009,40.76232147216797
CAF,2009,25.96052932739258
CAN,2012,29.53193092346191
CAN,2013,23.92864036560059
CAN,2014,24.06266021728516
CAN,2015,24.05891990661621
CAN,2016,25.3186092376709
CAN,2017,24.59753036499023
CAN,2018,24.38935089111328
CAN,2019,24.51458930969238
CAN,2020,32.26303863525391
CAN,2021,34.76258087158203
CHE,1998,27.18474006652832
CHE,1999,26.16090965270996
CHE,2000,25.35799026489258
CHE,2001,25.8720703125
CHE,2002,27.92521095275879
CHE,2003,27.31605911254883
CHE,2004,26.84766006469727
CHE,2005,25.78123092651367
CHE,2006,24.04001998901367
CHE,2007,22.93437957763672
CHE,2008,23.29706954956055
CHE,2009,24.42704963684082
CHE,2010,23.79095077514648
CHE,2011,22.92160987854004
CHE,2012,22.38132095336914
CHE,2013,20.9039192199707
CHE,2014,20.63504981994629
CHE,2015,20.57572937011719
CHE,2016,19.34342956542969
CHE,2017,19.31884956359863
CHE,2018,18.63298988342285
CHE,2019,18.7224292755127
CHE,2020,19.58622932434082
CHE,2021,18.50511932373047
CHL,1998,13.76992988586426
CHL,2000,14.45856952667236
CHL,2002,14.93702030181885
CHL,2003,15.76749992370605
CHL,2004,14.07462978363037
CHL,2005,13.16077995300293
CHL,2006,12.19616985321045
CHL,2007,13.12726020812988
CHL,2008,15.58358001708984
CHL,2009,16.98730087280273
CHL,2010,15.57989025115967
CHL,2011,15.53382015228271
CHL,2012,16.2384204864502
CHL,2013,14.96084976196289
CHL,2014,15.06221008300781
CHL,2015,15.80105018615723
CHL,2016,18.09465980529785
CHL,2017,17.84971046447754
CHL,2018,18.31624031066895
CHL,2019,18.82444000244141
CHL,2020,19.36467933654785
CHL,2021,16.17658042907715
CHN,1999,21.54421043395996
CIV,2012,34.31174850463867
CIV,2014,34.65491104125977
CIV,2015,29.60481071472168
CIV,2016,25.89159965515137
CIV,2017,18.95549011230469
CIV,2018,16.97701072692871
CIV,2019,18.4560604095459
CIV,2020,15.23396015167236
CIV,2021,10.98840999603271
CIV,2022,13.69122982025146
CIV,2023,13.82872009277344
CMR,2008,23.07938957214355
CMR,2009,22.3184700012207
CMR,2011,13.71640014648438
CMR,2012,11.48795986175537
COD,2010,9.588859558105469
COD,2013,5.441199779510498
COG,2002,18.89826011657715
COK,2012,11.89418983459473
COK,2013,24.65817070007324
COK,2022,27.3875904083252
COK,2023,26.35063934326172
COL,1998,13.8474702835083
COL,1999,15.93453025817871
COM,2002,17.66016960144043
COM,2013,6.40742015838623
COM,2014,7.328289985656738
CPV,2014,14.28155994415283
CPV,2015,16.7965202331543
CPV,2016,17.56829071044922
CPV,2017,17.19828033447266
CPV,2019,8.394020080566406
CRI,1999,21.89427947998047
CRI,2000,16.64279937744141
CRI,2001,23.21261024475098
CRI,2002,24.26691055297852
CRI,2004,17.09382057189941
CRI,2006,15.83275032043457
CRI,2007,16.63658905029297
CRI,2008,17.42246055603027
CRI,2009,20.5415096282959
CRI,2010,22.68824005126953
CRI,2011,22.91028022766113
CRI,2012,23.31570053100586
CRI,2013,23.86878967285156
CRI,2014,22.52456092834473
CRI,2015,22.52730941772461
CRI,2016,20.97573089599609
CRI,2017,23.6115894317627
CRI,2018,18.49585914611816
CRI,2019,27.2579402923584
CRI,2020,33.10923004150391
CRI,2021,27.04788017272949
CUB,1999,53.72174072265625
CUB,2000,60.23065948486328
CUB,2001,54.84445190429688
CUB,2002,55.69189071655273
CUB,2004,48.58655166625977
CUB,2005,51.63367080688477
CUB,2006,47.11875915527344
CUB,2007,52.72813034057617
CUB,2008,54.26234817504883
CUB,2009,53.80749130249023
CUB,2010,54.08600997924805
CUW,2013,20.63569068908691
CYM,2019,3.550590038299561
CYM,2020,3.383440017700195
CYM,2021,4.273009777069092
CYM,2022,4.299310207366943
CYP,2000,29.81489944458008
CYP,2001,29.15901947021484
CYP,2002,32.13846969604492
CYP,2003,34.92903900146484
CYP,2004,33.37662124633789
CYP,2005,34.83806991577148
CYP,2006,32.97719955444336
CYP,2007,35.00806045532227
CYP,2008,36.74874114990234
CYP,2009,38.34146881103516
CYP,2010,37.97072982788086
CYP,2011,37.83271026611328
CYP,2013,38.96041870117188
CYP,2014,36.22222900390625
CYP,2015,39.50661087036133
CYP,2016,38.75233840942383
CYP,2017,38.43939971923828
CYP,2019,36.50381088256836
CYP,2020,40.05889129638672
CYP,2021,35.72494888305664
CZE,1998,21.14537048339844
CZE,1999,24.04846954345703
CZE,2000,21.26770973205566
CZE,2001,20.68594932556152
CZE,2002,22.23858070373535
CZE,2003,22.37240028381348
CZE,2004,21.92511940002441
CZE,2005,21.62405014038086
CZE,2006,21.60923004150391
CZE,2007,20.5571403503418
CZE,2008,21.17374992370605
CZE,2009,22.21512031555176
CZE,2010,21.96059036254883
CZE,2011,22.21340942382813
CZE,2012,22.47517013549805
CZE,2013,22.09889984130859
CZE,2014,22.04750061035156
CZE,2015,22.39975929260254
CZE,2016,21.20167922973633
CZE,2017,21.56427955627441
CZE,2018,24.66391944885254
CZE,2019,25.19420051574707
CZE,2020,26.3253002166748
CZE,2021,23.26135063171387
DEU,1998,21.84535026550293
DEU,2008,24.49918937683105
DEU,2011,27.40542984008789
DEU,2013,26.12330055236816
DEU,2014,25.76741027832031
DEU,2015,25.51413917541504
DEU,2016,25.3329906463623
DEU,2017,25.61750984191895
DEU,2018,26.18523025512695
DEU,2019,26.55488014221191
DEU,2020,29.23530960083008
DEU,2021,27.00494956970215
DJI,2008,17.67229080200195
DJI,2015,1.470630049705505
DJI,2016,0.8991100192070007
DMA,2007,20.45772933959961
DMA,2008,23.09943008422852
DMA,2009,19.81859970092773
DMA,2010,20.48978996276855
DMA,2012,69.68289184570312
DMA,2015,26.44713973999023
DMA,2019,36.20460891723633
DMA,2020,27.2327709197998
DNK,1998,47.85231018066406
DNK,1999,49.21126937866211
DNK,2000,48.72259140014648
DNK,2001,40.54808044433594
DNK,2002,43.23846817016602
DNK,2003,42.66482162475586
DNK,2004,43.64630889892578
DNK,2005,43.80580902099609
DNK,2006,42.64545822143555
DNK,2007,39.7036018371582
DNK,2008,38.05086898803711
DNK,2009,37.45769882202148
DNK,2010,38.72780990600586
DNK,2011,34.29413986206055
DNK,2012,28.50675010681152
DNK,2013,29.13718032836914
DNK,2014,33.20043182373047
DNK,2016,23.58267974853516
DNK,2017,21.77602005004883
DNK,2018,22.6330509185791
DNK,2019,22.40411949157715
DNK,2020,22.29113960266113
DNK,2021,19.97573089599609
DOM,2004,2.362740039825439
DOM,2005,3.52632999420166
DOM,2008,5.301760196685791
DOM,2009,5.413179874420166
DOM,2010,6.243420124053955
DOM,2011,6.410009860992432
DOM,2012,7.978469848632813
DOM,2013,12.67597007751465
DOM,2014,12.65958976745605
DOM,2015,12.83376026153564
DOM,2016,14.12613010406494
DOM,2017,25.93222045898438
DOM,2018,14.35665988922119
DOM,2019,15.97436046600342
DOM,2020,16.82061004638672
DOM,2021,13.57096004486084
DOM,2022,15.41014957427979
DOM,2023,15.94896984100342
DZA,1999,29.89003944396973
DZA,2000,24.53109931945801
DZA,2002,22.41687965393066
DZA,2003,21.97269058227539
DZA,2006,15.70540046691895
ECU,2009,3.683010101318359
ECU,2010,3.220710039138794
ECU,2011,3.293190002441406
ECU,2012,3.05637001991272
ECU,2013,3.32699990272522
ECU,2014,3.324350118637085
ECU,2015,3.649760007858276
ECU,2016,3.81725001335144
ECU,2018,4.999279975891113
ECU,2019,5.141580104827881
ECU,2020,5.318180084228516
ECU,2021,4.549129962921143
ECU,2022,4.561170101165771
EGY,2017,18.61067962646484
EGY,2019,14.70693969726563
EGY,2021,11.04366016387939
EGY,2022,11.55922985076904
ESP,2007,24.8776798248291
ESP,2008,27.77194976806641
ESP,2009,31.00251960754395
ESP,2010,28.44508934020996
ESP,2011,26.57162094116211
ESP,2012,19.67587089538574
ESP,2013,17.43647956848145
ESP,2014,17.15568923950195
ESP,2015,17.41678047180176
ESP,2016,18.13130950927734
ESP,2017,18.53759956359863
ESP,2018,18.19617080688477
ESP,2019,18.5813102722168
ESP,2020,21.60186004638672
ESP,2021,20.91666984558105
EST,1998,22.00785064697266
EST,1999,27.20289039611816
EST,2001,25.21678924560547
EST,2002,23.78502082824707
EST,2003,26.84209060668945
EST,2004,25.62418937683105
EST,2005,22.9135799407959
EST,2007,22.48127937316895
EST,2008,28.20552062988281
EST,2009,29.39388084411621
EST,2010,25.70012092590332
EST,2011,28.16657066345215
EST,2012,24.14266967773438
EST,2013,18.58901977539063
EST,2014,18.1653003692627
EST,2015,19.01606941223145
EST,2016,19.23085021972656
EST,2017,19.10161018371582
EST,2018,21.14645957946777
EST,2019,17.84515953063965
EST,2020,16.10671043395996
EST,2021,15.54086971282959
ETH,2009,71.52201080322266
ETH,2010,63.10766983032227
ETH,2011,73.18096923828125
ETH,2012,54.38748931884766
FIN,1999,24.4964599609375
FIN,2000,21.96479988098145
FIN,2001,22.86532974243164
FIN,2002,23.71859931945801
FIN,2003,24.0618896484375
FIN,2004,32.79101943969727
FIN,2005,33.02085876464844
FIN,2006,33.00173950195313
FIN,2007,32.03765869140625
FIN,2008,33.49399948120117
FIN,2009,37.67832946777344
FIN,2010,37.93070983886719
FIN,2011,37.41275024414063
FIN,2012,22.94490051269531
FIN,2013,23.06764030456543
FIN,2014,22.55060005187988
FIN,2015,21.54846954345703
FIN,2016,20.27252006530762
FIN,2017,18.20664978027344
FIN,2018,18.2759895324707
FIN,2019,19.44964981079102
FIN,2020,20.66490936279297
FIN,2021,20.61351013183594
FRA,2017,28.80368995666504
FRA,2018,28.39736938476563
FRA,2019,28.10047912597656
FRA,2020,29.08029937744141
FRA,2021,27.46846008300781
GBR,2005,28.17801094055176
GBR,2006,28.36791038513184
GBR,2007,27.7426700592041
GBR,2008,25.48387908935547
GBR,2009,30.5991096496582
GBR,2010,31.18774032592773
GBR,2011,19.76959037780762
GBR,2013,21.90129089355469
GBR,2014,20.13200950622559
GBR,2015,21.27125930786133
GBR,2016,21.02633094787598
GBR,2017,20.54962921142578
GBR,2018,21.7222900390625
GBR,2019,22.44289970397949
GBR,2020,23.4471492767334
GBR,2021,25.8502197265625
GEO,2008,14.07511043548584
GHA,2001,73.64803314208984
GHA,2004,46.82946014404297
GHA,2005,49.9499397277832
GHA,2006,47.09856033325195
GHA,2007,39.41957092285156
GHA,2008,40.24720001220703
GHA,2009,45.59064865112305
GHA,2011,21.13518905639648
GHA,2012,52.84751892089844
GHA,2013,27.60279083251953
GHA,2014,33.47071838378906
GIN,2011,10.82468032836914
GIN,2012,9.795100212097168
GIN,2014,12.63068008422852
GMB,2008,10.39916038513184
GMB,2009,9.634819984436035
GMB,2010,7.815070152282715
GRC,2015,21.05925941467285
GRC,2016,22.11477088928223
GRC,2017,21.0604305267334
GRC,2018,19.65929985046387
GRC,2019,18.60549926757813
GTM,2000,4.085189819335938
GTM,2001,5.152420043945313
GTM,2002,4.356070041656494
GTM,2004,5.403659820556641
GTM,2005,4.690690040588379
GTM,2006,4.901770114898682
GTM,2007,6.46815013885498
GTM,2008,5.890480041503906
GTM,2010,8.258560180664062
GTM,2011,4.056980133056641
GTM,2012,4.186339855194092
GTM,2013,3.787220001220703
GTM,2014,4.546080112457275
GTM,2015,4.406109809875488
GTM,2016,4.033380031585693
GTM,2017,3.97462010383606
GTM,2018,4.34689998626709
GTM,2019,4.454179763793945
GTM,2020,4.066880226135254
GTM,2021,4.245550155639648
GTM,2022,5.314300060272217
GTM,2023,5.40024995803833
HKG,2017,41.7847785949707
HND,2010,62.62205123901367
HND,2013,0.0
HND,2023,16.71600914001465
HRV,2002,18.2540397644043
HRV,2003,19.63738059997559
HRV,2004,19.24213981628418
HRV,2007,19.43285942077637
HRV,2011,20.08128929138184
HRV,2013,22.87859916687012
HRV,2017,21.2189998626709
HRV,2018,21.90288925170898
HRV,2019,21.97784996032715
HRV,2020,24.88917922973633
HRV,2021,21.27140045166016
HUN,1998,19.38838958740234
HUN,1999,21.04105949401855
HUN,2000,22.19738960266113
HUN,2001,20.84696006774902
HUN,2002,22.06591987609863
HUN,2003,30.58649063110352
HUN,2004,25.3746395111084
HUN,2005,22.3811092376709
HUN,2006,22.40749931335449
HUN,2007,22.74930953979492
HUN,2008,21.96233940124512
HUN,2009,21.0319995880127
HUN,2010,21.44173049926758
HUN,2011,20.92596054077148
HUN,2012,17.95879936218262
HUN,2013,16.49070930480957
HUN,2014,29.62602996826172
HUN,2015,24.37767028808594
HUN,2016,24.91395950317383
HUN,2017,25.00223922729492
HUN,2018,24.78125953674316
HUN,2019,19.6735897064209
HUN,2020,19.72810935974121
HUN,2021,18.11187934875488
IDN,2007,10.41981983184814
IDN,2008,9.83625030517578
IDN,2009,11.19960975646973
IDN,2010,8.506019592285156
IDN,2012,12.18323040008545
IDN,2013,10.726149559021
IDN,2014,10.98748970031738
IDN,2015,11.68644046783447
IND,1999,34.21818161010742
IND,2000,40.51564025878906
IND,2001,39.24098968505859
IND,2003,33.54705810546875
IND,2004,30.17168045043945
IND,2005,27.89862060546875
IND,2006,26.56024932861328
IND,2009,20.82442092895508
IND,2010,22.34638023376465
IND,2011,22.70013046264648
IND,2012,22.86149978637695
IND,2013,24.56538009643555
IND,2015,20.91142082214355
IND,2016,21.39418983459473
IND,2017,22.23284912109375
IND,2018,22.45536994934082
IND,2019,20.99077987670898
IND,2020,20.17466926574707
IND,2021,20.89105987548828
IRL,1998,17.57043075561523
IRL,1999,16.89645957946777
IRL,2000,16.61787986755371
IRL,2001,17.4754695892334
IRL,2002,18.06735038757324
IRL,2003,19.7565803527832
IRL,2004,21.77696990966797
IRL,2005,21.85573959350586
IRL,2006,23.48884010314941
IRL,2007,25.61194038391113
IRL,2008,30.19112014770508
IRL,2009,31.40381050109863
IRL,2010,29.64196968078613
IRL,2011,30.49090957641602
IRL,2012,28.5859203338623
IRL,2013,25.76823043823242
IRL,2014,23.57266044616699
IRL,2015,17.64307022094727
IRL,2016,17.0560302734375
IRL,2017,11.60186004638672
IRL,2018,12.14029979705811
IRL,2019,12.21232032775879
IRL,2020,12.27939987182617
IRL,2021,10.72910022735596
IRN,2001,9.898530006408691
IRN,2002,11.73528003692627
IRN,2003,12.06717014312744
IRN,2004,12.22284984588623
IRN,2005,11.56639957427979
IRN,2006,16.52408981323242
IRN,2007,20.67734909057617
IRN,2008,18.39929008483887
IRN,2009,18.26376914978027
IRN,2010,19.22166061401367
IRN,2011,14.56704998016357
IRN,2012,13.92560005187988
IRN,2013,15.7230396270752
IRN,2014,13.33360004425049
IRN,2016,21.67344093322754
IRN,2017,22.50955009460449
IRN,2020,16.58186912536621
ISL,1999,17.02343940734863
ISL,2000,15.72791004180908
ISL,2001,18.8922290802002
ISL,2002,18.52652931213379
ISL,2003,18.9244499206543
ISL,2004,21.45783996582031
ISL,2005,20.39579010009766
ISL,2006,20.22084999084473
ISL,2007,18.49221992492676
ISL,2008,18.2726001739502
ISL,2009,18.90413093566895
ISL,2010,16.97647094726563
ISL,2011,16.79977989196777
ISL,2012,14.27307033538818
ISL,2013,14.50337028503418
ISL,2014,15.23338985443115
ISL,2015,16.85309982299805
ISL,2016,16.0308895111084
ISL,2017,16.34748077392578
ISL,2018,17.58012962341309
ISL,2019,18.71133995056152
ISL,2020,19.34439086914063
ISL,2021,17.22241973876953
ISR,2014,17.41885948181152
ISR,2016,18.49884033203125
ISR,2019,19.52732086181641
ISR,2020,20.93918991088867
ISR,2021,19.8797607421875
ITA,1998,26.03512001037598
ITA,1999,25.98531913757324
ITA,2000,25.08112907409668
ITA,2001,28.53347969055176
ITA,2002,25.04227066040039
ITA,2003,27.95388031005859
ITA,2004,26.18675994873047
ITA,2005,25.42067909240723
ITA,2006,26.75765037536621
ITA,2007,23.27022933959961
ITA,2008,24.25831985473633
ITA,2009,24.49608039855957
ITA,2010,23.44821929931641
ITA,2011,22.20562934875488
ITA,2012,21.9573802947998
ITA,2013,22.74382972717285
ITA,2014,21.48579025268555
ITA,2015,22.15383911132813
ITA,2016,23.25164985656738
ITA,2018,28.89673042297363
ITA,2019,23.34626007080078
ITA,2020,25.47611999511719
ITA,2021,24.07393074035645
JAM,2003,21.67741966247559
JAM,2004,18.32390022277832
JAM,2005,19.79301071166992
JAM,2007,21.59178924560547
JAM,2008,24.55559921264648
JAM,2009,22.79994964599609
JAM,2010,27.27754020690918
JAM,2011,27.7297191619873
JAM,2012,25.65085983276367
JAM,2013,31.0965690612793
JAM,2014,23.01741027832031
JAM,2015,27.4232006072998
JAM,2016,26.11075019836426
JAM,2017,25.67407035827637
JAM,2018,28.19039916992188
JAM,2019,25.60807037353516
JAM,2021,35.66204071044922
JAM,2022,33.0106086730957
JOR,1999,17.82496070861816
JOR,2002,18.29830932617188
JOR,2003,20.79097938537598
JOR,2004,19.68112945556641
JOR,2005,21.22718048095703
JOR,2006,19.36865997314453
JOR,2007,21.50671005249023
JOR,2008,17.13878059387207
JOR,2011,20.56402969360352
JOR,2017,20.78046035766602
JOR,2018,17.53745079040527
JOR,2019,18.50630950927734
JOR,2021,18.51052093505859
JOR,2022,15.54358959197998
JPN,1998,18.15492057800293
KAZ,2013,9.049909591674805
KAZ,2014,9.434760093688965
KAZ,2015,9.098529815673828
KAZ,2016,9.916299819946287
KEN,2004,27.87528038024902
KHM,2001,5.714509963989258
KOR,1998,12.56764984130859
KOR,1999,13.27013969421387
KOR,2016,25.39311027526855
KOR,2017,27.57921981811523
KOR,2018,30.75621032714844
KOR,2019,37.9876594543457
KOR,2020,40.76171875
KOR,2021,43.83367919921875
KWT,2003,18.17329025268555
KWT,2004,15.28168964385986
KWT,2005,16.58392906188965
KWT,2006,15.75825977325439
KWT,2008,18.13919067382813
KWT,2011,24.44329071044922
LAO,2002,16.44779968261719
LAO,2009,9.742090225219728
LAO,2010,15.80624008178711
LAO,2011,13.37512969970703
LAO,2012,11.90338039398193
LAO,2013,23.92872047424316
LAO,2014,19.84654998779297
LBN,2002,12.81394004821777
LBN,2004,14.14678955078125
LBN,2006,14.17105960845947
LBN,2008,10.5857400894165
LBN,2009,9.0564603805542
LBN,2011,8.850079536437988
LBR,2015,22.84281921386719
LCA,1999,24.36595916748047
LCA,2010,16.8721809387207
LCA,2011,17.99138069152832
LCA,2012,17.78264999389648
LCA,2013,18.6348991394043
LCA,2014,20.26439094543457
LCA,2015,19.48121070861816
LCA,2016,22.48600006103516
LCA,2018,17.44502067565918
LCA,2019,20.00119972229004
LCA,2020,21.18766021728516
LIE,2003,7.303329944610596
LIE,2004,8.778800010681152
LIE,2006,8.114080429077148
LIE,2007,8.011260032653809
LIE,2008,9.61472988128662
LKA,2010,7.376049995422363
LKA,2011,6.812699794769287
LKA,2012,5.900090217590332
LKA,2013,6.468770027160645
LKA,2016,10.09148979187012
LKA,2017,9.242710113525392
LKA,2018,5.984039783477783
LTU,2003,20.06764984130859
LTU,2004,22.57047080993652
LTU,2005,21.00662040710449
LTU,2006,20.54541015625
LTU,2007,20.561279296875
LTU,2008,21.80032920837402
LTU,2009,26.97880935668945
LTU,2010,21.44454002380371
LTU,2011,18.22402000427246
LTU,2012,17.06180953979492
LTU,2013,16.89706993103027
LTU,2014,17.14154052734375
LTU,2015,17.14434051513672
LTU,2016,17.342529296875
LTU,2017,16.62038993835449
LTU,2018,15.99804973602295
LTU,2019,17.06369972229004
LTU,2020,19.6960506439209
LTU,2021,18.76158905029297
LUX,2003,24.51271057128906
LUX,2004,22.59954071044922
LUX,2005,22.85304069519043
LUX,2006,20.38549995422363
LUX,2007,18.57155990600586
LUX,2008,21.39748001098633
LUX,2010,19.08283996582031
LUX,2011,17.22850036621094
LUX,2012,20.59350967407227
LUX,2013,18.68424034118652
LUX,2014,19.53483009338379
LUX,2015,17.93125915527344
LUX,2017,18.68902015686035
LUX,2018,20.49444961547852
LUX,2019,19.97381973266602
LUX,2020,21.04324913024902
LUX,2021,20.36679077148438
LVA,1998,30.49044036865234
LVA,1999,28.43791007995605
LVA,2000,24.66658020019531
LVA,2001,26.18592071533203
LVA,2002,26.8334903717041
LVA,2003,26.67609024047852
LVA,2004,25.94375991821289
LVA,2006,23.03116035461426
LVA,2007,23.3861198425293
LVA,2008,26.98763084411621
LVA,2009,32.137939453125
LVA,2010,27.85807037353516
LVA,2011,26.5366096496582
LVA,2012,35.64768981933594
LVA,2013,35.97151184082031
LVA,2014,23.43292045593262
LVA,2015,23.25625038146973
LVA,2016,27.16308975219727
LVA,2017,25.03939056396484
LVA,2018,23.9775505065918
LVA,2019,23.69112968444824
LVA,2020,25.63368034362793
LVA,2021,24.58801078796387
MAC,2000,11.39422988891602
MAR,1998,52.29256057739258
MAR,1999,53.60346984863281
MAR,2000,52.60140991210938
MAR,2001,51.68048095703125
MAR,2002,53.7958984375
MAR,2003,49.19818115234375
MAR,2004,44.17464065551758
MAR,2009,36.30546188354492
MCO,1998,10.74534034729004
MCO,1999,9.939350128173828
MCO,2000,9.661040306091309
MCO,2004,8.920720100402832
MCO,2009,8.653670310974121
MCO,2010,7.648429870605469
MCO,2011,16.21316909790039
MCO,2012,23.21133041381836
MCO,2013,14.1985502243042
MCO,2014,7.118470191955566
MCO,2016,6.844610214233398
MCO,2019,6.004220008850098
MCO,2021,7.65526008605957
MCO,2022,3.8471999168396
MDA,2007,50.10874176025391
MDA,2008,29.59012031555176
MDA,2009,36.38233947753906
MDA,2010,30.78692054748535
MDA,2011,29.48546981811523
MDA,2012,29.26210021972656
MDA,2014,29.51612091064453
MDA,2015,31.02882957458496
MDA,2016,23.80772972106934
MDA,2017,24.13277053833008
MDA,2018,23.8076000213623
MDA,2019,24.4494800567627
MDA,2020,29.67819023132324
MDA,2021,23.71179962158203
MDA,2022,23.19210052490234
MDG,2007,20.63056945800781
MDG,2008,22.67691040039063
MDG,2009,17.36078071594238
MDG,2011,16.82521057128906
MDG,2012,9.082500457763672
MDV,2018,18.53278923034668
MDV,2019,22.06623077392578
MEX,1998,17.95301055908203
MEX,1999,14.51126956939697
MEX,2001,23.50910949707031
MEX,2002,15.97811031341553
MEX,2003,19.45804023742676
MEX,2004,16.49385070800781
MEX,2005,16.8509407043457
MEX,2006,16.08806991577148
MEX,2007,16.24880027770996
MEX,2008,16.88973045349121
MEX,2009,18.61996078491211
MEX,2010,18.6301097869873
MEX,2011,18.98373985290527
MEX,2012,19.00641059875488
MEX,2013,18.89600944519043
MEX,2014,19.27902030944824
MEX,2015,18.75992012023926
MEX,2016,17.51026916503906
MEX,2017,15.15344047546387
MEX,2018,13.54868984222412
MEX,2019,15.00174999237061
MEX,2020,16.95631980895996
MEX,2021,17.59186935424805
MHL,2002,30.46843910217285
MHL,2019,26.81052017211914
MHL,2022,23.63360977172852
MLI,2008,67.53325653076172
MLI,2009,59.42348861694336
MLI,2010,88.5565414428711
MLI,2011,62.35758972167969
MLI,2013,50.55485916137695
MLI,2014,56.36151123046875
MLI,2015,56.48685073852539
MLI,2016,51.49652862548828
MLI,2017,69.11634063720703
MLT,1998,27.93965911865234
MLT,2002,27.58109092712402
MLT,2004,12.09451961517334
MLT,2007,22.41299057006836
MLT,2008,22.6680793762207
MLT,2010,23.07395935058594
MLT,2011,162.9497222900391
MLT,2012,40.32128143310547
MLT,2013,35.83581161499023
MLT,2014,29.53128051757813
MLT,2015,23.20978927612305
MLT,2016,29.84971046447754
MLT,2017,27.4990406036377
MLT,2019,30.66592979431152
MLT,2021,32.57580947875977
MMR,2017,22.67523002624512
MMR,2018,16.04759979248047
MNG,2004,8.73661994934082
MNG,2010,20.9383602142334
MNG,2013,17.90185928344727
MNG,2014,18.76069068908691
MNG,2015,15.74662017822266
MOZ,2006,175.0008850097656
MOZ,2012,99.01432800292967
MOZ,2013,70.1161117553711
MSR,2018,84.64299011230469
MSR,2019,73.46492767333984
MUS,2017,1.360990047454834
MWI,2010,14.87975025177002
MWI,2011,26.38254928588867
MWI,2013,25.47524070739746
MWI,2014,13.9527702331543
MWI,2015,26.13418960571289
MWI,2016,24.60799980163574
MYS,2000,21.43873977661133
MYS,2001,26.19791030883789
NAM,2002,31.05706024169922
NAM,2003,30.62517929077148
NER,2009,106.9693832397461
NER,2010,61.59078979492188
NER,2011,66.65206146240234
NER,2012,70.93335723876953
NER,2013,81.8558120727539
NER,2014,81.00977325439453
NER,2015,67.00164794921875
NER,2016,18.04187965393066
NER,2017,13.90629959106445
NIC,2005,2.487109899520874
NIC,2006,3.043570041656494
NLD,1998,20.40000915527344
NLD,2015,21.6798095703125
NLD,2016,22.43828964233398
NLD,2017,20.82508087158203
NLD,2018,22.58477973937988
NLD,2019,21.08694076538086
NLD,2020,22.09688949584961
NLD,2021,22.77231025695801
NOR,1998,33.11489868164063
NOR,2002,35.55633163452148
NOR,2003,37.65679168701172
NOR,2004,35.46078109741211
NOR,2005,34.79756164550781
NOR,2006,30.57634925842285
NOR,2007,30.24402046203613
NOR,2008,28.57675933837891
NOR,2009,33.02294921875
NOR,2010,30.73300933837891
NOR,2011,29.93655967712402
NOR,2014,26.45319938659668
NOR,2015,28.28145027160645
NOR,2016,29.33871078491211
NOR,2017,28.73395919799805
NOR,2018,28.02363967895508
NOR,2019,28.82785034179688
NOR,2020,30.78823089599609
NOR,2021,25.79107093811035
NPL,2000,11.69847011566162
NPL,2001,13.84584999084473
NPL,2002,10.74271011352539
NPL,2003,9.554710388183594
NPL,2010,12.26842975616455
NPL,2011,13.50094032287598
NPL,2012,11.195969581604
NPL,2013,9.538020133972168
NPL,2014,10.97873020172119
NPL,2015,10.60459995269775
NZL,2013,13.96430969238281
NZL,2014,14.00467967987061
NZL,2015,13.80478954315186
NZL,2016,13.67714023590088
NZL,2017,13.5380802154541
NZL,2018,13.75656032562256
NZL,2019,13.33794975280762
NZL,2020,16.2281608581543
NZL,2021,15.8052396774292
NZL,2022,14.96152019500732
OMN,1998,26.55702018737793
OMN,2002,17.63581085205078
OMN,2005,14.84809017181396
OMN,2009,14.49468040466309
OMN,2011,15.49415969848633
OMN,2013,18.25374031066895
OMN,2016,30.00152969360352
OMN,2018,24.92254066467285
OMN,2020,29.08698081970215
OMN,2022,16.71482086181641
PAN,1999,17.62677001953125
PAN,2007,32.95146179199219
PER,1999,10.32826042175293
PER,2001,9.723389625549316
PHL,1997,14.37322044372559
PHL,2000,9.971409797668455
PHL,2001,9.470370292663574
PHL,2002,8.27437973022461
PHL,2003,9.112250328063965
PHL,2004,7.545720100402832
PHL,2005,7.55610990524292
PHL,2007,7.98730993270874
PHL,2008,8.840929985046387
PHL,2009,10.13389015197754
POL,2002,19.31257057189941
POL,2003,18.74435997009277
POL,2004,22.15780067443848
POL,2005,22.75822067260742
POL,2006,23.76835060119629
POL,2007,22.11871910095215
POL,2008,23.12869071960449
POL,2009,24.34321022033691
POL,2010,24.65727996826172
POL,2011,23.12751007080078
POL,2012,19.94111061096191
POL,2013,20.26836013793945
POL,2014,20.21433067321777
POL,2015,20.45655059814453
POL,2016,21.16011047363281
POL,2017,20.11447906494141
POL,2018,18.99249076843262
POL,2019,19.04006958007813
POL,2020,18.81741905212402
POL,2021,17.73487091064453
PRI,2013,22.40811920166016
PRI,2014,21.95697021484375
PRT,1999,27.57572937011719
PRT,2000,28.08029937744141
PRT,2001,28.67523002624512
PRT,2002,28.28672027587891
PRT,2003,29.33153915405273
PRT,2004,34.5583610534668
PRT,2005,34.0554313659668
PRT,2006,35.57963943481445
PRT,2007,35.19839096069336
PRT,2008,34.32429885864258
PRT,2009,40.06212997436523
PRT,2010,36.81000137329102
PRT,2011,33.87805938720703
PRT,2012,26.34380912780762
PRT,2013,28.58860015869141
PRT,2014,26.47015953063965
PRT,2015,25.93000030517578
PRT,2017,27.81323051452637
PRT,2018,24.93213081359863
PRT,2019,26.76547050476074
PRT,2020,27.62763023376465
PRT,2021,26.50530052185059
PRY,2000,14.116379737854
PRY,2001,11.58086013793945
PRY,2002,12.05702018737793
PRY,2003,13.01066970825195
PRY,2004,11.24781036376953
PRY,2007,14.81462955474854
PRY,2010,14.37351989746094
PRY,2011,16.28853988647461
PRY,2012,14.14616012573242
PRY,2016,13.01858043670654
PRY,2020,13.4612398147583
PRY,2021,11.69396018981934
PRY,2022,11.92043018341064
PRY,2023,13.1427001953125
QAT,2009,11.62849998474121
ROU,2003,15.54263019561768
ROU,2004,15.04106044769287
ROU,2005,15.43317985534668
ROU,2007,15.33497047424316
ROU,2008,15.5969295501709
ROU,2009,16.06146049499512
ROU,2010,13.63593006134033
ROU,2011,11.5907096862793
ROU,2012,12.45452976226807
ROU,2013,14.92127990722656
ROU,2014,16.26083946228027
ROU,2015,16.0594596862793
ROU,2016,15.38358020782471
ROU,2017,16.88299942016602
ROU,2018,17.36663055419922
ROU,2019,19.61442947387695
ROU,2020,19.42696952819824
ROU,2021,18.15526008605957
RUS,2012,19.61603927612305
RUS,2013,19.88632011413574
RWA,2000,34.79254150390625
RWA,2007,26.25567054748535
RWA,2010,33.89786148071289
RWA,2011,33.88703918457031
RWA,2012,14.4520902633667
RWA,2013,28.88871002197266
RWA,2015,39.89564895629883
RWA,2016,47.69020843505859
RWA,2018,22.63813972473145
RWA,2021,25.13705062866211
RWA,2022,45.10472106933594
SAU,2007,17.80191993713379
SEN,1998,46.88660049438477
SEN,2005,67.63751983642578
SEN,2006,73.22015380859375
SEN,2011,25.38789939880371
SEN,2012,24.88801956176758
SEN,2013,23.74954986572266
SEN,2014,26.11226081848145
SEN,2015,20.39645957946777
SEN,2019,45.88134002685547
SEN,2020,51.98624038696289
SEN,2021,51.75754165649414
SEN,2022,57.28110885620117
SLE,2011,12.03289985656738
SLE,2012,10.81212997436523
SLE,2013,8.304280281066895
SLE,2016,11.15130043029785
SLE,2017,19.48312950134277
SLE,2018,23.11026000976563
SLE,2019,14.65116024017334
SLE,2020,14.37740993499756
SLE,2021,11.75918960571289
SLV,1998,8.440540313720703
SLV,2000,9.110939979553224
SLV,2002,10.45326042175293
SLV,2003,9.265500068664553
SLV,2005,10.25018978118896
SLV,2006,9.408690452575684
SLV,2007,9.686090469360352
SLV,2008,11.72084999084473
SLV,2009,17.3808708190918
SLV,2010,15.40262031555176
SLV,2012,9.48801040649414
SLV,2013,8.990630149841309
SLV,2014,9.411100387573242
SLV,2015,11.71780014038086
SLV,2016,12.94046974182129
SLV,2017,14.10122013092041
SLV,2018,12.63267993927002
SLV,2019,10.74032974243164
SLV,2020,12.53104019165039
SLV,2021,12.64194965362549
SLV,2022,12.49730968475342
SLV,2023,11.50578022003174
SMR,2010,8.621979713439941
SMR,2011,9.770219802856444
SMR,2018,24.38747978210449
SMR,2019,24.45306968688965
SMR,2020,23.64344024658203
SMR,2021,22.40926933288574
STP,2012,17.85186958312988
STP,2013,16.04557991027832
STP,2014,4.629089832305908
SVK,1999,20.97311019897461
SVK,2000,20.84251022338867
SVK,2001,22.20488929748535
SVK,2002,25.23888969421387
SVK,2003,21.48332023620605
SVK,2004,19.38765907287598
SVK,2005,17.94651985168457
SVK,2006,16.68502998352051
SVK,2007,17.15727043151855
SVK,2008,16.76358985900879
SVK,2009,20.29976081848145
SVK,2010,19.24916076660156
SVK,2011,18.87265968322754
SVK,2012,17.87503051757813
SVK,2013,19.16081047058105
SVK,2014,19.32975959777832
SVK,2015,19.52384948730469
SVK,2016,20.55994987487793
SVK,2017,22.90022087097168
SVK,2018,22.5134105682373
SVK,2019,24.17555046081543
SVK,2020,27.68891906738281
SVK,2021,27.62532997131348
SVN,2001,25.25038909912109
SVN,2002,22.4279899597168
SVN,2003,22.06829071044922
SVN,2004,25.77375030517578
SVN,2005,27.27150917053223
SVN,2006,28.5494499206543
SVN,2007,24.30233001708984
SVN,2008,25.23119926452637
SVN,2009,28.64369010925293
SVN,2010,29.14155006408691
SVN,2011,29.58711051940918
SVN,2012,26.81977081298828
SVN,2013,22.26555061340332
SVN,2014,21.61253929138184
SVN,2015,21.26519966125488
SVN,2016,19.85139083862305
SVN,2017,19.95943069458008
SVN,2018,20.51276016235352
SVN,2019,20.44524002075195
SVN,2020,22.20871925354004
SVN,2021,22.72595977783203
SWE,1998,28.29314994812012
SWE,1999,25.92202949523926
SWE,2000,25.30048942565918
SWE,2001,25.24576950073242
SWE,2002,24.79192924499512
SWE,2003,24.69886016845703
SWE,2004,38.65896987915039
SWE,2005,36.95090103149414
SWE,2006,35.75429153442383
SWE,2007,33.76844024658203
SWE,2008,33.33633041381836
SWE,2009,35.15702056884766
SWE,2010,34.01641082763672
SWE,2011,34.07154846191406
SWE,2012,24.45770072937012
SWE,2013,24.5474796295166
SWE,2014,24.21874046325684
SWE,2015,23.15419960021973
SWE,2016,23.29676055908203
SWE,2017,22.98452949523926
SWE,2018,24.29412078857422
SWE,2019,23.82184982299805
SWE,2020,24.12931060791016
SWE,2021,22.30624961853027
SWZ,2005,38.42903137207031
SWZ,2006,33.54333877563477
SWZ,2008,29.22738075256348
SWZ,2010,29.67757987976074
SWZ,2011,30.0734806060791
SYC,2012,7.806270122528076
SYC,2013,11.55496025085449
SYC,2014,15.01889991760254
SYC,2015,18.60527038574219
SYC,2016,12.93017959594727
SYR,1998,17.90361976623535
SYR,1999,27.01775932312012
SYR,2000,24.9500904083252
SYR,2002,30.22094917297363
SYR,2009,14.92889022827148
SYR,2012,11.74954986572266
TCA,2000,26.46766090393066
TCA,2018,52.18569946289063
TCD,2009,28.38261985778809
TCD,2010,24.02463912963867
TCD,2011,45.42417144775391
TCD,2012,22.03784942626953
TCD,2013,39.25625991821289
TCD,2018,33.33298873901367
TCD,2021,32.222900390625
TGO,1999,44.72526168823242
TGO,2000,33.68436050415039
TGO,2011,19.29274940490723
THA,2001,20.54253959655762
THA,2010,14.85857009887695
THA,2011,13.58514976501465
THA,2012,16.82617950439453
THA,2013,14.36332988739014
TJK,2013,3.130899906158447
TLS,2012,6.14886999130249
TLS,2013,18.50569915771484
TLS,2014,23.7140007019043
TTO,2020,20.94098091125488
TTO,2021,13.81727981567383
TUR,2011,16.75266075134277
TUR,2012,17.49404907226563
TUR,2013,18.28824043273926
TUR,2014,17.69327926635742
TUR,2015,13.03238010406494
TUR,2016,19.51704025268555
TUR,2017,14.52954959869385
TUR,2018,15.23206043243408
TUR,2019,16.25573921203613
TUR,2020,13.34537982940674
TUR,2021,10.59652996063232
TUV,2023,82.1218032836914
TZA,2014,181.6552124023438
UKR,2011,29.5298900604248
UKR,2012,29.03009033203125
UKR,2013,27.79092025756836
UKR,2014,24.2373104095459
UKR,2016,24.44955062866211
UKR,2017,29.22026062011719
UKR,2018,24.36235046386719
UKR,2019,29.41132926940918
UKR,2020,28.56328964233398
UKR,2021,22.06074905395508
URY,1999,12.34286975860596
URY,2000,11.51041984558105
URY,2001,11.44439029693604
URY,2002,6.56859016418457
URY,2003,5.223299980163574
URY,2004,8.516409873962402
URY,2005,10.17113018035889
URY,2006,10.21300983428955
URY,2011,13.61005973815918
URY,2013,14.39768028259277
URY,2014,14.68132019042969
URY,2015,14.2371301651001
URY,2016,14.03874969482422
URY,2017,14.47525978088379
URY,2018,14.27587985992432
URY,2019,15.38868045806885
URY,2020,9.014650344848633
URY,2021,8.800809860229492
URY,2022,8.268670082092285
USA,2015,22.07451057434082
USA,2016,23.02090072631836
USA,2017,23.64348030090332
USA,2018,23.49378967285156
USA,2019,23.39562034606934
USA,2020,23.28636932373047
USA,2021,23.86075019836426
VCT,2009,24.82563972473145
VCT,2010,19.66880989074707
VEN,2006,8.109370231628418
VEN,2007,6.092269897460938
VEN,2009,16.93913078308105
VUT,1999,308.8818359375
VUT,2000,166.2948760986328
VUT,2001,182.6116943359375
VUT,2015,20.02124977111816
VUT,2020,49.16386032104492
WSM,1999,9.822629928588867
WSM,2000,9.65244960784912
WSM,2001,10.43774032592773
WSM,2016,15.69054985046387
ZAF,2016,16.77939987182617
ZAF,2017,17.11527061462402
ZAF,2018,19.47035980224609
ZAF,2019,21.48451995849609
ZAF,2020,24.83532905578613
ZAF,2021,27.03269958496094
ZAF,2022,22.6672306060791
ZAF,2023,22.31662940979004
ZWE,2012,22.4185905456543
ZWE,2013,22.58596038818359
